department_id,name,job_family,salary_multiplier,head_employee_id
dept_00,Engineering,Technology,1.15,emp_005053
dept_01,Product,Technology,1.1,emp_009504
dept_02,Design,Design,1.0,emp_010520
dept_03,Sales,Go-to-Market,1.05,emp_013342
dept_04,Marketing,Go-to-Market,0.92,emp_017699
dept_05,Customer Success,Go-to-Market,0.88,emp_019687
dept_06,Finance,General & Administrative,1.0,emp_020464
dept_07,People,General & Administrative,0.9,emp_021993
dept_08,Operations,General & Administrative,0.9,emp_023036
