employee_id,effective_date,base_salary,bonus_target_pct,equity_value
emp_000000,2026-07-01,237986.76,0.15,63203.85
emp_000000,2025-07-01,224515.81,0.15,59626.27
emp_000000,2024-07-01,211807.37,0.15,56251.2
emp_000001,2026-07-01,119226.85,0.1,31861.94
emp_000001,2025-07-01,112478.16,0.1,30058.43
emp_000001,2024-07-01,106111.47,0.1,28357.01
emp_000002,2026-07-01,30000.0,0.07,14169.12
emp_000002,2025-07-01,28301.89,0.07,13367.09
emp_000003,2026-07-01,74343.22,0.05,3950.7
emp_000003,2025-07-01,70135.11,0.05,3727.08
emp_000003,2024-07-01,66165.2,0.05,3516.11
emp_000004,2026-07-01,234374.6,0.2,89946.01
emp_000004,2025-07-01,221108.11,0.2,84854.73
emp_000004,2024-07-01,208592.56,0.2,80051.63
emp_000005,2026-07-01,111225.77,0.1,30097.54
emp_000005,2025-07-01,104929.97,0.1,28393.91
emp_000005,2024-07-01,98990.54,0.1,26786.7
emp_000006,2026-07-01,94977.5,0.07,13006.08
emp_000006,2025-07-01,89601.42,0.07,12269.89
emp_000006,2024-07-01,84529.64,0.07,11575.36
emp_000007,2026-07-01,97074.22,0.07,12355.74
emp_000008,2026-07-01,154414.73,0.12,67046.69
emp_000009,2026-07-01,128706.97,0.07,10246.29
emp_000009,2025-07-01,121421.67,0.07,9666.31
emp_000009,2024-07-01,114548.75,0.07,9119.16
emp_000010,2026-07-01,198654.96,0.15,45280.61
emp_000011,2026-07-01,63669.13,0.15,44839.36
emp_000011,2025-07-01,60065.22,0.15,42301.28
emp_000011,2024-07-01,56665.3,0.15,39906.87
emp_000012,2026-07-01,223604.66,0.15,103999.23
emp_000012,2025-07-01,210947.79,0.15,98112.48
emp_000013,2026-07-01,175541.81,0.1,23050.97
emp_000013,2025-07-01,165605.48,0.1,21746.2
emp_000013,2024-07-01,156231.59,0.1,20515.28
emp_000014,2026-07-01,216316.49,0.12,55801.55
emp_000015,2026-07-01,134983.65,0.12,55378.48
emp_000015,2025-07-01,127343.07,0.12,52243.85
emp_000016,2026-07-01,224438.96,0.12,43467.3
emp_000016,2025-07-01,211734.87,0.12,41006.89
emp_000016,2024-07-01,199749.88,0.12,38685.74
emp_000017,2026-07-01,64947.91,0.05,5801.8
emp_000018,2026-07-01,132907.11,0.1,20118.07
emp_000018,2025-07-01,125384.07,0.1,18979.31
emp_000019,2026-07-01,60969.94,0.05,4781.77
emp_000020,2026-07-01,48143.47,0.1,23523.6
emp_000021,2026-07-01,96700.1,0.07,12859.45
emp_000021,2025-07-01,91226.51,0.07,12131.56
emp_000021,2024-07-01,86062.74,0.07,11444.86
emp_000022,2026-07-01,84776.74,0.07,6914.15
emp_000023,2026-07-01,71387.23,0.05,5890.91
emp_000024,2026-07-01,171809.99,0.12,47553.11
emp_000025,2026-07-01,99212.42,0.07,14927.91
emp_000025,2025-07-01,93596.62,0.07,14082.93
emp_000026,2026-07-01,209407.2,0.2,81393.03
emp_000026,2025-07-01,197553.96,0.2,76785.88
emp_000027,2026-07-01,188656.44,0.12,54462.72
emp_000027,2025-07-01,177977.77,0.12,51379.92
emp_000028,2026-07-01,110203.43,0.07,16593.09
emp_000029,2026-07-01,210558.05,0.12,51949.28
emp_000029,2025-07-01,198639.67,0.12,49008.75
emp_000029,2024-07-01,187395.91,0.12,46234.67
emp_000030,2026-07-01,73270.28,0.05,6238.85
emp_000031,2026-07-01,266729.02,0.25,181405.62
emp_000032,2026-07-01,157118.68,0.1,27077.09
emp_000032,2025-07-01,148225.17,0.1,25544.42
emp_000032,2024-07-01,139835.07,0.1,24098.51
emp_000033,2026-07-01,158104.94,0.15,45629.63
emp_000034,2026-07-01,66366.29,0.05,5847.85
emp_000035,2026-07-01,161345.92,0.1,21572.34
emp_000035,2025-07-01,152213.13,0.1,20351.26
emp_000035,2024-07-01,143597.29,0.1,19199.31
emp_000036,2026-07-01,128514.24,0.1,20079.76
emp_000036,2025-07-01,121239.85,0.1,18943.17
emp_000037,2026-07-01,268726.37,0.2,78505.63
emp_000037,2025-07-01,253515.44,0.2,74061.92
emp_000037,2024-07-01,239165.51,0.2,69869.73
emp_000038,2026-07-01,215979.56,0.12,56096.81
emp_000038,2025-07-01,203754.3,0.12,52921.52
emp_000038,2024-07-01,192221.04,0.12,49925.96
emp_000039,2026-07-01,153171.63,0.1,23895.91
emp_000040,2026-07-01,33404.49,0.07,13704.66
emp_000041,2026-07-01,116617.76,0.07,15131.36
emp_000041,2025-07-01,110016.75,0.07,14274.87
emp_000042,2026-07-01,167874.76,0.1,20120.81
emp_000043,2026-07-01,180727.08,0.1,21330.26
emp_000044,2026-07-01,66728.89,0.05,3563.76
emp_000044,2025-07-01,62951.78,0.05,3362.04
emp_000044,2024-07-01,59388.47,0.05,3171.73
emp_000045,2026-07-01,170605.27,0.15,63273.36
emp_000045,2025-07-01,160948.37,0.15,59691.85
emp_000046,2026-07-01,269682.74,0.2,95484.05
emp_000046,2025-07-01,254417.68,0.2,90079.29
emp_000047,2026-07-01,140593.81,0.07,13151.53
emp_000047,2025-07-01,132635.67,0.07,12407.1
emp_000047,2024-07-01,125127.99,0.07,11704.81
emp_000048,2026-07-01,148268.95,0.1,18298.96
emp_000049,2026-07-01,67384.27,0.05,4998.83
emp_000049,2025-07-01,63570.07,0.05,4715.88
emp_000049,2024-07-01,59971.76,0.05,4448.94
emp_000050,2026-07-01,168007.46,0.12,60601.73
emp_000051,2026-07-01,117088.45,0.07,11393.38
emp_000051,2025-07-01,110460.8,0.07,10748.47
emp_000051,2024-07-01,104208.3,0.07,10140.07
emp_000052,2026-07-01,207298.7,0.12,66832.76
emp_000053,2026-07-01,259213.26,0.15,160860.28
emp_000053,2025-07-01,244540.81,0.15,151754.98
emp_000053,2024-07-01,230698.88,0.15,143165.08
emp_000054,2026-07-01,202635.97,0.15,36476.43
emp_000054,2025-07-01,191166.01,0.15,34411.73
emp_000054,2024-07-01,180345.29,0.15,32463.89
emp_000055,2026-07-01,83407.1,0.05,3977.91
emp_000055,2025-07-01,78685.94,0.05,3752.75
emp_000056,2026-07-01,76754.14,0.2,74200.39
emp_000057,2026-07-01,105942.78,0.07,15854.88
emp_000058,2026-07-01,61831.35,0.05,6042.36
emp_000059,2026-07-01,124332.53,0.1,24322.36
emp_000060,2026-07-01,131026.18,0.1,25182.8
emp_000060,2025-07-01,123609.6,0.1,23757.36
emp_000060,2024-07-01,116612.83,0.1,22412.6
emp_000061,2026-07-01,209206.49,0.15,37651.11
emp_000061,2025-07-01,197364.61,0.15,35519.92
emp_000061,2024-07-01,186193.03,0.15,33509.35
emp_000062,2026-07-01,188639.43,0.15,53010.24
emp_000063,2026-07-01,124076.94,0.07,11088.24
emp_000063,2025-07-01,117053.72,0.07,10460.6
emp_000064,2026-07-01,235566.22,0.25,170637.24
emp_000064,2025-07-01,222232.28,0.25,160978.53
emp_000065,2026-07-01,120794.73,0.07,13461.1
emp_000065,2025-07-01,113957.29,0.07,12699.15
emp_000065,2024-07-01,107506.88,0.07,11980.33
emp_000066,2026-07-01,126618.41,0.1,24060.03
emp_000066,2025-07-01,119451.33,0.1,22698.14
emp_000067,2026-07-01,115585.91,0.07,11436.08
emp_000067,2025-07-01,109043.31,0.07,10788.75
emp_000068,2026-07-01,224000.41,0.2,90190.35
emp_000068,2025-07-01,211321.14,0.2,85085.24
emp_000068,2024-07-01,199359.57,0.2,80269.09
emp_000069,2026-07-01,112900.94,0.07,13908.85
emp_000069,2025-07-01,106510.32,0.07,13121.56
emp_000070,2026-07-01,80470.58,0.05,6646.49
emp_000070,2025-07-01,75915.64,0.05,6270.27
emp_000071,2026-07-01,182757.38,0.1,27927.43
emp_000072,2026-07-01,99821.58,0.35,464265.14
emp_000072,2025-07-01,94171.3,0.35,437985.98
emp_000072,2024-07-01,88840.85,0.35,413194.32
emp_000073,2026-07-01,186586.77,0.2,86402.63
emp_000073,2025-07-01,176025.25,0.2,81511.92
emp_000073,2024-07-01,166061.56,0.2,76898.03
emp_000074,2026-07-01,176561.1,0.15,38629.82
emp_000075,2026-07-01,249302.76,0.2,101771.75
emp_000075,2025-07-01,235191.28,0.2,96011.08
emp_000076,2026-07-01,184911.19,0.2,93082.33
emp_000076,2025-07-01,174444.52,0.2,87813.52
emp_000077,2026-07-01,129170.38,0.1,17886.86
emp_000078,2026-07-01,103191.37,0.07,11212.63
emp_000079,2026-07-01,180493.0,0.15,44253.93
emp_000080,2026-07-01,233372.53,0.12,49384.96
emp_000080,2025-07-01,220162.76,0.12,46589.58
emp_000081,2026-07-01,136360.88,0.1,32408.68
emp_000082,2026-07-01,84506.07,0.05,5479.84
emp_000082,2025-07-01,79722.71,0.05,5169.66
emp_000082,2024-07-01,75210.1,0.05,4877.04
emp_000083,2026-07-01,184828.66,0.15,57358.57
emp_000083,2025-07-01,174366.66,0.15,54111.86
emp_000084,2026-07-01,118130.77,0.07,12632.22
emp_000084,2025-07-01,111444.12,0.07,11917.19
emp_000085,2026-07-01,231663.28,0.2,91464.98
emp_000086,2026-07-01,79788.14,0.07,9752.17
emp_000087,2026-07-01,73639.8,0.05,5011.93
emp_000087,2025-07-01,69471.51,0.05,4728.24
emp_000088,2026-07-01,146464.71,0.15,45117.49
emp_000088,2025-07-01,138174.25,0.15,42563.67
emp_000088,2024-07-01,130353.07,0.15,40154.41
emp_000089,2026-07-01,97393.65,0.07,8718.93
emp_000089,2025-07-01,91880.8,0.07,8225.41
emp_000089,2024-07-01,86680.0,0.07,7759.82
emp_000090,2026-07-01,122243.4,0.07,10705.13
emp_000091,2026-07-01,135674.98,0.12,51443.89
emp_000091,2025-07-01,127995.26,0.12,48531.97
emp_000092,2026-07-01,54229.31,0.2,97442.63
emp_000093,2026-07-01,31355.31,0.07,13107.24
emp_000093,2025-07-01,29580.48,0.07,12365.32
emp_000093,2024-07-01,27906.11,0.07,11665.4
emp_000094,2026-07-01,108169.07,0.07,10604.84
emp_000094,2025-07-01,102046.29,0.07,10004.57
emp_000095,2026-07-01,171586.03,0.15,49219.83
emp_000096,2026-07-01,361916.83,0.25,173445.16
emp_000096,2025-07-01,341430.97,0.25,163627.51
emp_000096,2024-07-01,322104.69,0.25,154365.57
emp_000097,2026-07-01,153425.64,0.1,10651.9
emp_000098,2026-07-01,127659.36,0.07,10836.72
emp_000099,2026-07-01,68895.22,0.05,6078.99
emp_000100,2026-07-01,34096.71,0.07,7963.67
emp_000101,2026-07-01,67608.14,0.05,5112.69
emp_000101,2025-07-01,63781.26,0.05,4823.29
emp_000102,2026-07-01,185881.74,0.12,72437.87
emp_000103,2026-07-01,72549.87,0.05,4239.39
emp_000103,2025-07-01,68443.27,0.05,3999.42
emp_000103,2024-07-01,64569.13,0.05,3773.04
emp_000104,2026-07-01,150134.72,0.1,25010.75
emp_000105,2026-07-01,227458.23,0.15,81311.64
emp_000105,2025-07-01,214583.24,0.15,76709.09
emp_000106,2026-07-01,169563.53,0.12,72899.54
emp_000107,2026-07-01,135048.47,0.07,11800.0
emp_000107,2025-07-01,127404.22,0.07,11132.08
emp_000107,2024-07-01,120192.66,0.07,10501.96
emp_000108,2026-07-01,213117.06,0.15,45419.64
emp_000108,2025-07-01,201053.83,0.15,42848.72
emp_000109,2026-07-01,199580.08,0.15,139794.61
emp_000109,2025-07-01,188283.09,0.15,131881.71
emp_000110,2026-07-01,230350.3,0.15,124552.52
emp_000110,2025-07-01,217311.6,0.15,117502.38
emp_000110,2024-07-01,205010.95,0.15,110851.3
emp_000111,2026-07-01,68537.3,0.05,4124.37
emp_000111,2025-07-01,64657.83,0.05,3890.92
emp_000112,2026-07-01,78337.3,0.05,4352.72
emp_000113,2026-07-01,204004.07,0.2,98908.76
emp_000113,2025-07-01,192456.67,0.2,93310.15
emp_000113,2024-07-01,181562.9,0.2,88028.44
emp_000114,2026-07-01,153329.23,0.1,21879.39
emp_000115,2026-07-01,110239.95,0.07,6918.62
emp_000115,2025-07-01,103999.95,0.07,6527.0
emp_000116,2026-07-01,147303.84,0.1,24733.8
emp_000117,2026-07-01,207316.71,0.12,38717.66
emp_000117,2025-07-01,195581.8,0.12,36526.09
emp_000117,2024-07-01,184511.13,0.12,34458.58
emp_000118,2026-07-01,290321.95,0.25,238186.14
emp_000118,2025-07-01,273888.63,0.25,224703.91
emp_000118,2024-07-01,258385.5,0.25,211984.82
emp_000119,2026-07-01,106165.43,0.07,12424.29
emp_000119,2025-07-01,100156.07,0.07,11721.03
emp_000119,2024-07-01,94486.85,0.07,11057.57
emp_000120,2026-07-01,253717.79,0.2,73706.85
emp_000120,2025-07-01,239356.41,0.2,69534.76
emp_000120,2024-07-01,225807.93,0.2,65598.83
emp_000121,2026-07-01,81277.88,0.05,4301.37
emp_000121,2025-07-01,76677.25,0.05,4057.9
emp_000122,2026-07-01,143128.82,0.1,15553.01
emp_000123,2026-07-01,198641.57,0.12,42905.92
emp_000123,2025-07-01,187397.71,0.12,40477.28
emp_000124,2026-07-01,96657.93,0.05,6016.32
emp_000125,2026-07-01,82436.08,0.07,17356.29
emp_000125,2025-07-01,77769.89,0.07,16373.86
emp_000126,2026-07-01,89383.79,0.1,28631.98
emp_000127,2026-07-01,229553.98,0.25,176686.47
emp_000127,2025-07-01,216560.36,0.25,166685.35
emp_000127,2024-07-01,204302.22,0.25,157250.33
emp_000128,2026-07-01,191616.3,0.12,50248.45
emp_000129,2026-07-01,255601.13,0.2,72783.08
emp_000129,2025-07-01,241133.14,0.2,68663.28
emp_000129,2024-07-01,227484.1,0.2,64776.68
emp_000130,2026-07-01,165263.51,0.15,63537.89
emp_000130,2025-07-01,155908.97,0.15,59941.41
emp_000130,2024-07-01,147083.94,0.15,56548.5
emp_000131,2026-07-01,160847.75,0.1,24056.26
emp_000131,2025-07-01,151743.16,0.1,22694.58
emp_000131,2024-07-01,143153.92,0.1,21409.99
emp_000132,2026-07-01,203144.9,0.15,64040.67
emp_000133,2026-07-01,80751.0,0.05,6393.52
emp_000134,2026-07-01,64091.06,0.05,3259.2
emp_000135,2026-07-01,143314.84,0.15,39006.43
emp_000135,2025-07-01,135202.68,0.15,36798.52
emp_000136,2026-07-01,182580.18,0.15,38978.59
emp_000136,2025-07-01,172245.45,0.15,36772.25
emp_000137,2026-07-01,98967.48,0.07,11808.37
emp_000138,2026-07-01,146635.36,0.1,24698.43
emp_000138,2025-07-01,138335.25,0.1,23300.41
emp_000139,2026-07-01,159149.56,0.12,87958.63
emp_000140,2026-07-01,206489.68,0.2,70609.9
emp_000140,2025-07-01,194801.58,0.2,66613.11
emp_000140,2024-07-01,183775.08,0.2,62842.56
emp_000141,2026-07-01,153462.76,0.12,57518.67
emp_000141,2025-07-01,144776.19,0.12,54262.9
emp_000141,2024-07-01,136581.31,0.12,51191.41
emp_000142,2026-07-01,145298.62,0.1,28082.54
emp_000142,2025-07-01,137074.17,0.1,26492.96
emp_000143,2026-07-01,100184.17,0.1,24992.14
emp_000143,2025-07-01,94513.37,0.1,23577.49
emp_000143,2024-07-01,89163.55,0.1,22242.92
emp_000144,2026-07-01,143205.54,0.1,25550.9
emp_000145,2026-07-01,194475.86,0.12,43507.1
emp_000145,2025-07-01,183467.79,0.12,41044.43
emp_000145,2024-07-01,173082.82,0.12,38721.16
emp_000146,2026-07-01,237091.14,0.2,91916.75
emp_000146,2025-07-01,223670.89,0.2,86713.92
emp_000146,2024-07-01,211010.27,0.2,81805.58
emp_000147,2026-07-01,165716.4,0.1,27556.99
emp_000148,2026-07-01,116491.18,0.07,12786.24
emp_000149,2026-07-01,89700.29,0.07,13368.48
emp_000150,2026-07-01,149458.75,0.15,57713.47
emp_000150,2025-07-01,140998.82,0.15,54446.67
emp_000150,2024-07-01,133017.76,0.15,51364.78
emp_000151,2026-07-01,166369.91,0.15,53432.7
emp_000151,2025-07-01,156952.75,0.15,50408.21
emp_000151,2024-07-01,148068.63,0.15,47554.91
emp_000152,2026-07-01,80248.74,0.05,5071.29
emp_000153,2026-07-01,58953.83,0.05,3828.24
emp_000154,2026-07-01,190596.58,0.12,48399.94
emp_000155,2026-07-01,88881.77,0.07,11472.89
emp_000155,2025-07-01,83850.73,0.07,10823.48
emp_000155,2024-07-01,79104.46,0.07,10210.83
emp_000156,2026-07-01,160492.52,0.15,47271.11
emp_000156,2025-07-01,151408.04,0.15,44595.39
emp_000156,2024-07-01,142837.77,0.15,42071.12
emp_000157,2026-07-01,98819.5,0.07,10852.0
emp_000158,2026-07-01,79941.84,0.07,9754.24
emp_000159,2026-07-01,232588.43,0.2,68612.42
emp_000159,2025-07-01,219423.05,0.2,64728.7
emp_000160,2026-07-01,120689.02,0.07,8037.17
emp_000160,2025-07-01,113857.57,0.07,7582.24
emp_000160,2024-07-01,107412.8,0.07,7153.05
emp_000161,2026-07-01,92913.42,0.07,11436.12
emp_000161,2025-07-01,87654.17,0.07,10788.79
emp_000161,2024-07-01,82692.61,0.07,10178.11
emp_000162,2026-07-01,91825.06,0.07,8472.8
emp_000163,2026-07-01,82124.11,0.05,3999.47
emp_000163,2025-07-01,77475.58,0.05,3773.08
emp_000164,2026-07-01,67914.42,0.05,4606.1
emp_000165,2026-07-01,74426.18,0.05,3664.08
emp_000166,2026-07-01,87020.84,0.07,12911.41
emp_000166,2025-07-01,82095.13,0.07,12180.58
emp_000167,2026-07-01,56734.61,0.05,5740.22
emp_000167,2025-07-01,53523.22,0.05,5415.3
emp_000167,2024-07-01,50493.6,0.05,5108.78
emp_000168,2026-07-01,194495.0,0.12,48956.3
emp_000168,2025-07-01,183485.85,0.12,46185.19
emp_000168,2024-07-01,173099.86,0.12,43570.93
emp_000169,2026-07-01,174814.64,0.15,100385.4
emp_000169,2025-07-01,164919.47,0.15,94703.21
emp_000169,2024-07-01,155584.41,0.15,89342.65
emp_000170,2026-07-01,138683.95,0.1,27687.15
emp_000170,2025-07-01,130833.92,0.1,26119.95
emp_000170,2024-07-01,123428.22,0.1,24641.46
emp_000171,2026-07-01,105740.46,0.07,10286.41
emp_000172,2026-07-01,132584.25,0.1,21086.33
emp_000173,2026-07-01,173096.22,0.2,111536.97
emp_000173,2025-07-01,163298.32,0.2,105223.56
emp_000173,2024-07-01,154055.02,0.2,99267.51
emp_000174,2026-07-01,154389.72,0.15,52957.69
emp_000174,2025-07-01,145650.68,0.15,49960.08
emp_000174,2024-07-01,137406.3,0.15,47132.16
emp_000175,2026-07-01,65480.96,0.05,5601.55
emp_000176,2026-07-01,65666.53,0.07,14221.55
emp_000177,2026-07-01,97125.92,0.07,7254.53
emp_000177,2025-07-01,91628.23,0.07,6843.9
emp_000177,2024-07-01,86441.72,0.07,6456.51
emp_000178,2026-07-01,100569.24,0.07,15249.21
emp_000178,2025-07-01,94876.64,0.07,14386.05
emp_000179,2026-07-01,151850.64,0.12,59312.68
emp_000179,2025-07-01,143255.32,0.12,55955.36
emp_000179,2024-07-01,135146.53,0.12,52788.07
emp_000180,2026-07-01,111409.68,0.1,30053.91
emp_000180,2025-07-01,105103.47,0.1,28352.75
emp_000180,2024-07-01,99154.22,0.1,26747.87
emp_000181,2026-07-01,75234.74,0.05,5387.16
emp_000181,2025-07-01,70976.17,0.05,5082.23
emp_000182,2026-07-01,109801.03,0.1,25244.62
emp_000182,2025-07-01,103585.88,0.1,23815.68
emp_000182,2024-07-01,97722.53,0.1,22467.62
emp_000183,2026-07-01,115796.53,0.1,23623.45
emp_000183,2025-07-01,109242.01,0.1,22286.27
emp_000183,2024-07-01,103058.5,0.1,21024.79
emp_000184,2026-07-01,78795.89,0.05,5367.14
emp_000185,2026-07-01,174517.53,0.15,42194.27
emp_000185,2025-07-01,164639.18,0.15,39805.92
emp_000186,2026-07-01,56288.35,0.05,5867.88
emp_000186,2025-07-01,53102.22,0.05,5535.74
emp_000187,2026-07-01,167008.54,0.2,61443.78
emp_000187,2025-07-01,157555.23,0.2,57965.83
emp_000188,2026-07-01,67222.78,0.05,4458.42
emp_000188,2025-07-01,63417.72,0.05,4206.06
emp_000188,2024-07-01,59828.03,0.05,3967.98
emp_000189,2026-07-01,147077.26,0.15,63403.41
emp_000190,2026-07-01,200569.19,0.2,78730.55
emp_000190,2025-07-01,189216.22,0.2,74274.1
emp_000190,2024-07-01,178505.87,0.2,70069.91
emp_000191,2026-07-01,280517.19,0.25,171407.39
emp_000191,2025-07-01,264638.86,0.25,161705.08
emp_000191,2024-07-01,249659.3,0.25,152551.97
emp_000192,2026-07-01,137813.76,0.15,37056.77
emp_000192,2025-07-01,130012.98,0.15,34959.22
emp_000193,2026-07-01,52527.32,0.15,48022.61
emp_000194,2026-07-01,188409.22,0.12,46901.09
emp_000194,2025-07-01,177744.55,0.12,44246.31
emp_000195,2026-07-01,132491.89,0.15,43329.5
emp_000196,2026-07-01,75136.98,0.05,5848.87
emp_000196,2025-07-01,70883.94,0.05,5517.8
emp_000197,2026-07-01,131065.5,0.1,21506.18
emp_000197,2025-07-01,123646.7,0.1,20288.85
emp_000198,2026-07-01,145966.03,0.1,28943.06
emp_000198,2025-07-01,137703.8,0.1,27304.77
emp_000199,2026-07-01,159990.56,0.15,52400.06
emp_000199,2025-07-01,150934.49,0.15,49434.02
emp_000199,2024-07-01,142391.03,0.15,46635.87
emp_000200,2026-07-01,107606.89,0.1,30274.78
emp_000201,2026-07-01,123188.66,0.1,25702.7
emp_000201,2025-07-01,116215.72,0.1,24247.83
emp_000201,2024-07-01,109637.47,0.1,22875.31
emp_000202,2026-07-01,187559.46,0.12,90653.85
emp_000202,2025-07-01,176942.89,0.12,85522.5
emp_000202,2024-07-01,166927.25,0.12,80681.6
emp_000203,2026-07-01,85830.34,0.07,14530.88
emp_000203,2025-07-01,80972.02,0.07,13708.38
emp_000204,2026-07-01,54956.81,0.05,5324.88
emp_000204,2025-07-01,51846.05,0.05,5023.47
emp_000205,2026-07-01,103859.32,0.1,20620.38
emp_000206,2026-07-01,131701.79,0.1,24514.7
emp_000206,2025-07-01,124246.97,0.1,23127.08
emp_000206,2024-07-01,117214.12,0.1,21818.0
emp_000207,2026-07-01,111065.52,0.07,15423.18
emp_000208,2026-07-01,128143.5,0.1,33547.67
emp_000209,2026-07-01,122982.2,0.1,32391.65
emp_000209,2025-07-01,116020.94,0.1,30558.16
emp_000209,2024-07-01,109453.72,0.1,28828.45
emp_000210,2026-07-01,101994.53,0.07,13884.46
emp_000210,2025-07-01,96221.25,0.07,13098.55
emp_000211,2026-07-01,112571.13,0.1,18721.7
emp_000212,2026-07-01,191543.27,0.15,120717.56
emp_000212,2025-07-01,180701.2,0.15,113884.49
emp_000212,2024-07-01,170472.83,0.15,107438.2
emp_000213,2026-07-01,122048.39,0.07,9020.63
emp_000213,2025-07-01,115139.99,0.07,8510.03
emp_000214,2026-07-01,217982.92,0.25,126451.04
emp_000214,2025-07-01,205644.26,0.25,119293.43
emp_000214,2024-07-01,194004.02,0.25,112540.98
emp_000215,2026-07-01,63258.85,0.2,94304.86
emp_000215,2025-07-01,59678.16,0.2,88966.85
emp_000215,2024-07-01,56300.15,0.2,83930.99
emp_000216,2026-07-01,124930.42,0.1,27616.0
emp_000217,2026-07-01,120617.59,0.07,14168.11
emp_000218,2026-07-01,123658.87,0.1,27485.68
emp_000219,2026-07-01,58061.78,0.15,49784.27
emp_000220,2026-07-01,191975.36,0.12,44168.82
emp_000220,2025-07-01,181108.83,0.12,41668.7
emp_000220,2024-07-01,170857.39,0.12,39310.09
emp_000221,2026-07-01,169487.13,0.15,44055.21
emp_000221,2025-07-01,159893.52,0.15,41561.52
emp_000222,2026-07-01,122313.81,0.1,17464.42
emp_000222,2025-07-01,115390.39,0.1,16475.87
emp_000223,2026-07-01,168460.95,0.12,32962.94
emp_000224,2026-07-01,90336.52,0.07,13777.54
emp_000225,2026-07-01,260110.38,0.15,93431.26
emp_000226,2026-07-01,95211.94,0.07,14094.0
emp_000227,2026-07-01,156375.05,0.15,134383.65
emp_000227,2025-07-01,147523.63,0.15,126777.03
emp_000227,2024-07-01,139173.24,0.15,119600.97
emp_000228,2026-07-01,174658.97,0.2,78852.29
emp_000228,2025-07-01,164772.61,0.2,74388.95
emp_000228,2024-07-01,155445.86,0.2,70178.26
emp_000229,2026-07-01,66295.9,0.05,5590.31
emp_000229,2025-07-01,62543.3,0.05,5273.88
emp_000229,2024-07-01,59003.11,0.05,4975.36
emp_000230,2026-07-01,134426.74,0.12,47727.28
emp_000230,2025-07-01,126817.68,0.12,45025.74
emp_000230,2024-07-01,119639.32,0.12,42477.11
emp_000231,2026-07-01,69933.81,0.05,3154.12
emp_000231,2025-07-01,65975.29,0.05,2975.58
emp_000231,2024-07-01,62240.84,0.05,2807.16
emp_000232,2026-07-01,184955.02,0.15,112712.81
emp_000232,2025-07-01,174485.87,0.15,106332.84
emp_000232,2024-07-01,164609.31,0.15,100314.0
emp_000233,2026-07-01,62059.63,0.05,4529.13
emp_000234,2026-07-01,206711.72,0.2,82078.4
emp_000234,2025-07-01,195011.06,0.2,77432.45
emp_000235,2026-07-01,77054.09,0.05,6975.34
emp_000235,2025-07-01,72692.54,0.05,6580.51
emp_000236,2026-07-01,223030.75,0.25,125069.15
emp_000236,2025-07-01,210406.37,0.25,117989.76
emp_000236,2024-07-01,198496.57,0.25,111311.1
emp_000237,2026-07-01,185647.89,0.15,48445.84
emp_000238,2026-07-01,173111.26,0.12,44057.12
emp_000239,2026-07-01,147669.17,0.15,53174.35
emp_000239,2025-07-01,139310.54,0.15,50164.48
emp_000239,2024-07-01,131425.04,0.15,47324.98
emp_000240,2026-07-01,144843.34,0.15,47685.88
emp_000240,2025-07-01,136644.66,0.15,44986.68
emp_000241,2026-07-01,257937.58,0.25,193656.4
emp_000241,2025-07-01,243337.34,0.25,182694.72
emp_000241,2024-07-01,229563.53,0.25,172353.51
emp_000242,2026-07-01,67857.31,0.07,9732.26
emp_000242,2025-07-01,64016.33,0.07,9181.38
emp_000242,2024-07-01,60392.76,0.07,8661.68
emp_000243,2026-07-01,53338.28,0.12,46578.53
emp_000243,2025-07-01,50319.13,0.12,43942.01
emp_000244,2026-07-01,89042.0,0.05,5927.25
emp_000245,2026-07-01,203911.05,0.12,74478.77
emp_000246,2026-07-01,88468.31,0.07,13152.74
emp_000246,2025-07-01,83460.67,0.07,12408.25
emp_000247,2026-07-01,120082.47,0.12,45128.37
emp_000247,2025-07-01,113285.35,0.12,42573.93
emp_000247,2024-07-01,106872.97,0.12,40164.09
emp_000248,2026-07-01,153119.66,0.12,58728.32
emp_000248,2025-07-01,144452.51,0.12,55404.08
emp_000248,2024-07-01,136275.95,0.12,52268.0
emp_000249,2026-07-01,153370.34,0.1,37137.36
emp_000249,2025-07-01,144689.0,0.1,35035.25
emp_000249,2024-07-01,136499.06,0.1,33052.12
emp_000250,2026-07-01,138363.36,0.1,25512.11
emp_000250,2025-07-01,130531.47,0.1,24068.03
emp_000250,2024-07-01,123142.9,0.1,22705.69
emp_000251,2026-07-01,174902.73,0.15,58156.57
emp_000251,2025-07-01,165002.58,0.15,54864.69
emp_000252,2026-07-01,148096.13,0.15,38337.04
emp_000252,2025-07-01,139713.33,0.15,36167.02
emp_000253,2026-07-01,116031.63,0.1,24789.57
emp_000254,2026-07-01,179095.87,0.12,61815.22
emp_000254,2025-07-01,168958.37,0.12,58316.25
emp_000255,2026-07-01,222720.26,0.2,97151.91
emp_000255,2025-07-01,210113.45,0.2,91652.75
emp_000256,2026-07-01,61864.78,0.05,4233.61
emp_000257,2026-07-01,67049.79,0.05,4190.48
emp_000258,2026-07-01,62927.76,0.05,5988.28
emp_000259,2026-07-01,147701.95,0.12,68107.06
emp_000260,2026-07-01,148848.26,0.1,32560.72
emp_000261,2026-07-01,168163.93,0.15,61235.37
emp_000261,2025-07-01,158645.22,0.15,57769.22
emp_000262,2026-07-01,185146.04,0.12,56480.81
emp_000262,2025-07-01,174666.08,0.12,53283.78
emp_000262,2024-07-01,164779.32,0.12,50267.72
emp_000263,2026-07-01,97672.85,0.07,11253.12
emp_000263,2025-07-01,92144.2,0.07,10616.15
emp_000264,2026-07-01,63141.8,0.2,114317.84
emp_000265,2026-07-01,138914.85,0.15,51417.62
emp_000265,2025-07-01,131051.75,0.15,48507.19
emp_000265,2024-07-01,123633.72,0.15,45761.5
emp_000266,2026-07-01,114853.98,0.07,9642.11
emp_000266,2025-07-01,108352.81,0.07,9096.33
emp_000266,2024-07-01,102219.63,0.07,8581.44
emp_000267,2026-07-01,111163.9,0.1,19831.82
emp_000267,2025-07-01,104871.6,0.1,18709.26
emp_000267,2024-07-01,98935.48,0.1,17650.25
emp_000268,2026-07-01,108733.14,0.07,13180.63
emp_000268,2025-07-01,102578.43,0.07,12434.56
emp_000269,2026-07-01,87186.78,0.07,11574.54
emp_000270,2026-07-01,88688.25,0.07,11936.57
emp_000271,2026-07-01,171757.36,0.2,109305.6
emp_000271,2025-07-01,162035.25,0.2,103118.49
emp_000271,2024-07-01,152863.44,0.2,97281.59
emp_000272,2026-07-01,138919.27,0.1,28795.19
emp_000272,2025-07-01,131055.92,0.1,27165.27
emp_000272,2024-07-01,123637.66,0.1,25627.62
emp_000273,2026-07-01,113360.84,0.1,31649.37
emp_000273,2025-07-01,106944.19,0.1,29857.9
emp_000273,2024-07-01,100890.74,0.1,28167.83
emp_000274,2026-07-01,178001.11,0.15,67506.21
emp_000275,2026-07-01,96693.79,0.1,26266.99
emp_000275,2025-07-01,91220.56,0.1,24780.18
emp_000276,2026-07-01,203703.89,0.2,102504.39
emp_000276,2025-07-01,192173.48,0.2,96702.25
emp_000277,2026-07-01,178039.76,0.15,31260.73
emp_000278,2026-07-01,121452.78,0.1,21725.52
emp_000279,2026-07-01,115091.04,0.1,20797.57
emp_000280,2026-07-01,409833.77,0.35,401735.85
emp_000280,2025-07-01,386635.63,0.35,378996.08
emp_000280,2024-07-01,364750.6,0.35,357543.48
emp_000281,2026-07-01,172681.55,0.15,145812.79
emp_000281,2025-07-01,162907.12,0.15,137559.24
emp_000281,2024-07-01,153685.96,0.15,129772.86
emp_000282,2026-07-01,199859.31,0.25,252813.22
emp_000282,2025-07-01,188546.52,0.25,238503.04
emp_000282,2024-07-01,177874.07,0.25,225002.87
emp_000283,2026-07-01,69268.03,0.05,4185.71
emp_000283,2025-07-01,65347.2,0.05,3948.78
emp_000284,2026-07-01,134927.3,0.15,49739.02
emp_000284,2025-07-01,127289.91,0.15,46923.6
emp_000284,2024-07-01,120084.82,0.15,44267.55
emp_000285,2026-07-01,130216.22,0.12,61146.78
emp_000286,2026-07-01,51859.53,0.05,5387.63
emp_000286,2025-07-01,48924.08,0.05,5082.67
emp_000286,2024-07-01,46154.8,0.05,4794.97
emp_000287,2026-07-01,106987.44,0.12,59388.78
emp_000287,2025-07-01,100931.55,0.12,56027.15
emp_000287,2024-07-01,95218.44,0.12,52855.8
emp_000288,2026-07-01,128513.86,0.15,116682.34
emp_000289,2026-07-01,50583.65,0.05,6687.57
emp_000290,2026-07-01,105955.29,0.1,30512.33
emp_000291,2026-07-01,109111.81,0.15,35458.61
emp_000292,2026-07-01,55756.55,0.07,13909.73
emp_000293,2026-07-01,108845.79,0.1,29461.87
emp_000293,2025-07-01,102684.71,0.1,27794.22
emp_000294,2026-07-01,125237.19,0.1,26574.84
emp_000295,2026-07-01,98484.31,0.07,14715.42
emp_000295,2025-07-01,92909.73,0.07,13882.47
emp_000295,2024-07-01,87650.69,0.07,13096.67
emp_000296,2026-07-01,58829.25,0.2,93385.33
emp_000296,2025-07-01,55499.29,0.2,88099.37
emp_000296,2024-07-01,52357.82,0.2,83112.61
emp_000297,2026-07-01,151638.23,0.15,46804.21
emp_000297,2025-07-01,143054.93,0.15,44154.92
emp_000298,2026-07-01,59068.31,0.05,5121.24
emp_000298,2025-07-01,55724.82,0.05,4831.36
emp_000299,2026-07-01,449518.6,0.55,715621.42
emp_000299,2025-07-01,424074.15,0.55,675114.55
emp_000299,2024-07-01,400069.95,0.55,636900.52
emp_000300,2026-07-01,211235.27,0.2,88552.83
emp_000300,2025-07-01,199278.56,0.2,83540.41
emp_000300,2024-07-01,187998.64,0.2,78811.7
emp_000301,2026-07-01,107048.08,0.07,10396.2
emp_000302,2026-07-01,176765.43,0.15,34321.97
emp_000302,2025-07-01,166759.84,0.15,32379.22
emp_000303,2026-07-01,63783.26,0.05,6434.02
emp_000304,2026-07-01,436320.77,0.55,1321009.8
emp_000304,2025-07-01,411623.37,0.55,1246235.66
emp_000305,2026-07-01,171087.35,0.12,54671.86
emp_000305,2025-07-01,161403.16,0.12,51577.23
emp_000305,2024-07-01,152267.13,0.12,48657.76
emp_000306,2026-07-01,123472.1,0.12,48787.16
emp_000306,2025-07-01,116483.11,0.12,46025.62
emp_000306,2024-07-01,109889.73,0.12,43420.4
emp_000307,2026-07-01,46164.81,0.05,5296.17
emp_000307,2025-07-01,43551.71,0.05,4996.39
emp_000308,2026-07-01,234957.2,0.2,107845.85
emp_000308,2025-07-01,221657.74,0.2,101741.37
emp_000308,2024-07-01,209111.07,0.2,95982.42
emp_000309,2026-07-01,57851.19,0.05,4173.03
emp_000309,2025-07-01,54576.59,0.05,3936.82
emp_000309,2024-07-01,51487.35,0.05,3713.98
emp_000310,2026-07-01,30000.0,0.07,11988.41
emp_000311,2026-07-01,72913.6,0.07,14083.36
emp_000311,2025-07-01,68786.42,0.07,13286.19
emp_000311,2024-07-01,64892.84,0.07,12534.14
emp_000312,2026-07-01,127338.91,0.15,27575.99
emp_000312,2025-07-01,120131.05,0.15,26015.08
emp_000313,2026-07-01,63046.81,0.07,11861.83
emp_000314,2026-07-01,202996.86,0.2,82272.76
emp_000314,2025-07-01,191506.47,0.2,77615.81
emp_000315,2026-07-01,128396.71,0.12,53527.87
emp_000315,2025-07-01,121128.97,0.12,50497.99
emp_000315,2024-07-01,114272.61,0.12,47639.61
emp_000316,2026-07-01,43337.03,0.05,4498.37
emp_000317,2026-07-01,70551.12,0.05,5137.62
emp_000318,2026-07-01,61049.44,0.05,6923.63
emp_000319,2026-07-01,155484.43,0.12,51436.85
emp_000320,2026-07-01,125823.25,0.15,47625.4
emp_000320,2025-07-01,118701.18,0.15,44929.62
emp_000320,2024-07-01,111982.24,0.15,42386.44
emp_000321,2026-07-01,86615.33,0.07,16787.39
emp_000321,2025-07-01,81712.58,0.07,15837.16
emp_000322,2026-07-01,117141.52,0.15,40049.86
emp_000323,2026-07-01,65552.13,0.05,6814.68
emp_000323,2025-07-01,61841.63,0.05,6428.94
emp_000324,2026-07-01,184206.99,0.15,45047.91
emp_000325,2026-07-01,175211.16,0.2,122074.13
emp_000325,2025-07-01,165293.55,0.2,115164.27
emp_000326,2026-07-01,149201.57,0.15,51751.81
emp_000326,2025-07-01,140756.2,0.15,48822.46
emp_000327,2026-07-01,215026.03,0.15,116756.38
emp_000327,2025-07-01,202854.75,0.15,110147.53
emp_000327,2024-07-01,191372.4,0.15,103912.76
emp_000328,2026-07-01,140142.74,0.15,44409.32
emp_000328,2025-07-01,132210.13,0.15,41895.58
emp_000328,2024-07-01,124726.54,0.15,39524.14
emp_000329,2026-07-01,60884.31,0.05,4375.96
emp_000329,2025-07-01,57438.03,0.05,4128.26
emp_000330,2026-07-01,60933.72,0.07,12181.9
emp_000330,2025-07-01,57484.64,0.07,11492.36
emp_000331,2026-07-01,52173.17,0.05,5897.36
emp_000332,2026-07-01,102357.46,0.1,24934.44
emp_000333,2026-07-01,172492.56,0.15,42150.39
emp_000333,2025-07-01,162728.83,0.15,39764.52
emp_000333,2024-07-01,153517.76,0.15,37513.7
emp_000334,2026-07-01,132032.34,0.12,52241.39
emp_000335,2026-07-01,129224.35,0.15,53932.29
emp_000335,2025-07-01,121909.76,0.15,50879.52
emp_000335,2024-07-01,115009.21,0.15,47999.55
emp_000336,2026-07-01,73317.27,0.07,14940.39
emp_000336,2025-07-01,69167.24,0.07,14094.71
emp_000337,2026-07-01,59221.21,0.15,95322.69
emp_000337,2025-07-01,55869.07,0.15,89927.07
emp_000337,2024-07-01,52706.67,0.15,84836.85
emp_000338,2026-07-01,74269.23,0.07,10395.39
emp_000338,2025-07-01,70065.31,0.07,9806.97
emp_000339,2026-07-01,30000.0,0.07,12910.46
emp_000339,2025-07-01,28301.89,0.07,12179.68
emp_000340,2026-07-01,209165.49,0.15,143605.71
emp_000341,2026-07-01,349146.56,0.35,491679.22
emp_000341,2025-07-01,329383.55,0.35,463848.32
emp_000342,2026-07-01,129021.88,0.12,41229.63
emp_000343,2026-07-01,71568.51,0.05,4735.92
emp_000344,2026-07-01,118409.33,0.12,44763.36
emp_000345,2026-07-01,59199.8,0.05,4732.49
emp_000346,2026-07-01,169550.32,0.2,118879.38
emp_000346,2025-07-01,159953.13,0.2,112150.36
emp_000346,2024-07-01,150899.18,0.2,105802.22
emp_000347,2026-07-01,118836.04,0.15,78702.79
emp_000347,2025-07-01,112109.47,0.15,74247.92
emp_000347,2024-07-01,105763.65,0.15,70045.2
emp_000348,2026-07-01,61384.33,0.07,8114.72
emp_000349,2026-07-01,63076.98,0.05,4171.45
emp_000349,2025-07-01,59506.58,0.05,3935.33
emp_000349,2024-07-01,56138.29,0.05,3712.58
emp_000350,2026-07-01,89196.37,0.07,12689.55
emp_000351,2026-07-01,285157.27,0.35,449660.39
emp_000351,2025-07-01,269016.29,0.35,424207.92
emp_000352,2026-07-01,116793.77,0.1,27187.24
emp_000352,2025-07-01,110182.8,0.1,25648.34
emp_000353,2026-07-01,165396.43,0.15,55581.17
emp_000354,2026-07-01,128130.93,0.12,35606.06
emp_000354,2025-07-01,120878.24,0.12,33590.62
emp_000354,2024-07-01,114036.07,0.12,31689.27
emp_000355,2026-07-01,129203.03,0.12,68071.7
emp_000355,2025-07-01,121889.65,0.12,64218.58
emp_000355,2024-07-01,114990.24,0.12,60583.57
emp_000356,2026-07-01,52988.89,0.07,11250.97
emp_000357,2026-07-01,199472.13,0.25,206333.8
emp_000357,2025-07-01,188181.25,0.25,194654.53
emp_000357,2024-07-01,177529.49,0.25,183636.35
emp_000358,2026-07-01,73455.12,0.07,8823.78
emp_000359,2026-07-01,148887.44,0.12,55054.52
emp_000360,2026-07-01,207301.11,0.15,115197.96
emp_000360,2025-07-01,195567.08,0.15,108677.32
emp_000360,2024-07-01,184497.25,0.15,102525.77
emp_000361,2026-07-01,161303.61,0.12,67713.26
emp_000361,2025-07-01,152173.22,0.12,63880.43
emp_000362,2026-07-01,210809.47,0.25,122930.83
emp_000362,2025-07-01,198876.86,0.25,115972.48
emp_000362,2024-07-01,187619.68,0.25,109408.0
emp_000363,2026-07-01,65590.78,0.07,12073.81
emp_000364,2026-07-01,124219.9,0.1,19573.82
emp_000364,2025-07-01,117188.58,0.1,18465.87
emp_000365,2026-07-01,128553.14,0.1,27527.48
emp_000366,2026-07-01,115805.21,0.1,28886.08
emp_000366,2025-07-01,109250.2,0.1,27251.02
emp_000367,2026-07-01,59307.08,0.05,6287.17
emp_000368,2026-07-01,51592.2,0.05,4464.97
emp_000368,2025-07-01,48671.89,0.05,4212.24
emp_000368,2024-07-01,45916.87,0.05,3973.81
emp_000369,2026-07-01,83310.83,0.07,14225.34
emp_000369,2025-07-01,78595.12,0.07,13420.13
emp_000370,2026-07-01,88518.69,0.07,15266.16
emp_000371,2026-07-01,112231.13,0.1,16783.77
emp_000372,2026-07-01,120944.61,0.12,61735.79
emp_000372,2025-07-01,114098.69,0.12,58241.31
emp_000372,2024-07-01,107640.27,0.12,54944.63
emp_000373,2026-07-01,127075.89,0.12,65543.62
emp_000373,2025-07-01,119882.92,0.12,61833.6
emp_000373,2024-07-01,113097.09,0.12,58333.59
emp_000374,2026-07-01,132450.11,0.1,23706.37
emp_000374,2025-07-01,124952.93,0.1,22364.5
emp_000375,2026-07-01,133072.39,0.1,18946.13
emp_000375,2025-07-01,125539.99,0.1,17873.71
emp_000375,2024-07-01,118433.95,0.1,16861.99
emp_000376,2026-07-01,71324.93,0.07,14263.09
emp_000377,2026-07-01,165982.94,0.12,41805.4
emp_000377,2025-07-01,156587.68,0.12,39439.06
emp_000377,2024-07-01,147724.23,0.12,37206.66
emp_000378,2026-07-01,72123.86,0.07,11571.96
emp_000378,2025-07-01,68041.38,0.07,10916.94
emp_000379,2026-07-01,57639.16,0.05,4959.88
emp_000380,2026-07-01,114870.8,0.1,28577.69
emp_000381,2026-07-01,134551.66,0.1,21866.84
emp_000382,2026-07-01,80317.63,0.07,10357.0
emp_000382,2025-07-01,75771.35,0.07,9770.75
emp_000383,2026-07-01,159693.43,0.12,56088.07
emp_000384,2026-07-01,182871.26,0.12,66070.3
emp_000385,2026-07-01,60126.28,0.15,160323.9
emp_000385,2025-07-01,56722.91,0.15,151248.96
emp_000386,2026-07-01,154765.25,0.12,38417.71
emp_000387,2026-07-01,115931.39,0.12,58468.76
emp_000387,2025-07-01,109369.24,0.12,55159.21
emp_000387,2024-07-01,103178.52,0.12,52036.99
emp_000388,2026-07-01,109005.91,0.07,9392.32
emp_000389,2026-07-01,147758.65,0.15,54169.3
emp_000389,2025-07-01,139394.95,0.15,51103.11
emp_000389,2024-07-01,131504.67,0.15,48210.48
emp_000390,2026-07-01,119653.02,0.1,20307.28
emp_000390,2025-07-01,112880.21,0.1,19157.81
emp_000390,2024-07-01,106490.76,0.1,18073.41
emp_000391,2026-07-01,97705.48,0.1,21626.76
emp_000392,2026-07-01,158869.92,0.12,48518.02
emp_000392,2025-07-01,149877.28,0.12,45771.72
emp_000393,2026-07-01,30684.89,0.1,24619.01
emp_000393,2025-07-01,28948.01,0.1,23225.48
emp_000393,2024-07-01,27309.44,0.1,21910.83
emp_000394,2026-07-01,112207.78,0.1,26615.99
emp_000395,2026-07-01,187284.93,0.15,120641.43
emp_000395,2025-07-01,176683.9,0.15,113812.67
emp_000396,2026-07-01,208763.32,0.2,89896.18
emp_000396,2025-07-01,196946.53,0.2,84807.72
emp_000396,2024-07-01,185798.61,0.2,80007.28
emp_000397,2026-07-01,194291.23,0.2,66061.96
emp_000398,2026-07-01,101040.45,0.1,28638.93
emp_000399,2026-07-01,121692.23,0.1,24735.21
emp_000400,2026-07-01,42563.82,0.15,55455.61
emp_000400,2025-07-01,40154.55,0.15,52316.61
emp_000400,2024-07-01,37881.65,0.15,49355.3
emp_000401,2026-07-01,90411.35,0.07,10301.43
emp_000402,2026-07-01,116323.48,0.15,30579.53
emp_000402,2025-07-01,109739.13,0.15,28848.61
emp_000402,2024-07-01,103527.48,0.15,27215.67
emp_000403,2026-07-01,116558.25,0.1,24829.87
emp_000404,2026-07-01,47423.84,0.05,6295.95
emp_000404,2025-07-01,44739.47,0.05,5939.58
emp_000404,2024-07-01,42207.05,0.05,5603.37
emp_000405,2026-07-01,72148.36,0.05,5160.94
emp_000405,2025-07-01,68064.49,0.05,4868.81
emp_000406,2026-07-01,149602.56,0.15,43202.97
emp_000406,2025-07-01,141134.49,0.15,40757.52
emp_000406,2024-07-01,133145.75,0.15,38450.49
emp_000407,2026-07-01,64419.4,0.05,4129.65
emp_000408,2026-07-01,84473.42,0.07,16218.64
emp_000408,2025-07-01,79691.91,0.07,15300.6
emp_000409,2026-07-01,71158.47,0.07,9528.95
emp_000410,2026-07-01,78741.53,0.07,10259.05
emp_000410,2025-07-01,74284.46,0.07,9678.35
emp_000411,2026-07-01,120831.44,0.07,13368.08
emp_000412,2026-07-01,140896.93,0.15,28295.81
emp_000413,2026-07-01,55775.95,0.05,6274.59
emp_000414,2026-07-01,164437.92,0.15,50617.74
emp_000415,2026-07-01,129874.2,0.15,53093.08
emp_000415,2025-07-01,122522.83,0.15,50087.81
emp_000416,2026-07-01,106719.24,0.1,27790.59
emp_000416,2025-07-01,100678.53,0.1,26217.54
emp_000416,2024-07-01,94979.74,0.1,24733.53
emp_000417,2026-07-01,87475.51,0.07,11613.3
emp_000417,2025-07-01,82524.07,0.07,10955.94
emp_000417,2024-07-01,77852.89,0.07,10335.8
emp_000418,2026-07-01,144993.77,0.12,43305.36
emp_000419,2026-07-01,73801.06,0.05,4859.92
emp_000420,2026-07-01,125377.17,0.1,20123.82
emp_000421,2026-07-01,283424.77,0.25,197501.59
emp_000421,2025-07-01,267381.86,0.25,186322.25
emp_000421,2024-07-01,252247.04,0.25,175775.71
emp_000422,2026-07-01,594273.95,0.55,1393627.16
emp_000422,2025-07-01,560635.8,0.55,1314742.6
emp_000422,2024-07-01,528901.7,0.55,1240323.21
emp_000423,2026-07-01,44651.79,0.15,58291.28
emp_000423,2025-07-01,42124.33,0.15,54991.77
emp_000424,2026-07-01,81083.8,0.07,12892.24
emp_000425,2026-07-01,212623.65,0.15,130340.66
emp_000425,2025-07-01,200588.35,0.15,122962.89
emp_000425,2024-07-01,189234.29,0.15,116002.72
emp_000426,2026-07-01,173886.6,0.15,103462.82
emp_000426,2025-07-01,164043.96,0.15,97606.43
emp_000426,2024-07-01,154758.45,0.15,92081.54
emp_000427,2026-07-01,112195.29,0.1,22608.61
emp_000427,2025-07-01,105844.61,0.1,21328.88
emp_000428,2026-07-01,159602.61,0.12,60210.39
emp_000429,2026-07-01,49196.39,0.05,4613.53
emp_000429,2025-07-01,46411.69,0.05,4352.39
emp_000429,2024-07-01,43784.61,0.05,4106.03
emp_000430,2026-07-01,81964.72,0.07,12646.05
emp_000431,2026-07-01,107108.29,0.1,19694.04
emp_000431,2025-07-01,101045.56,0.1,18579.28
emp_000432,2026-07-01,98908.76,0.07,9884.09
emp_000433,2026-07-01,97701.23,0.07,13524.98
emp_000434,2026-07-01,149567.37,0.15,52980.21
emp_000434,2025-07-01,141101.29,0.15,49981.33
emp_000435,2026-07-01,331938.68,0.35,321147.51
emp_000435,2025-07-01,313149.7,0.35,302969.35
emp_000435,2024-07-01,295424.24,0.35,285820.14
emp_000436,2026-07-01,114376.73,0.1,28353.07
emp_000437,2026-07-01,139349.3,0.15,40205.38
emp_000437,2025-07-01,131461.6,0.15,37929.6
emp_000437,2024-07-01,124020.38,0.15,35782.65
emp_000438,2026-07-01,317612.28,0.35,401320.41
emp_000438,2025-07-01,299634.23,0.35,378604.16
emp_000438,2024-07-01,282673.8,0.35,357173.74
emp_000439,2026-07-01,112612.22,0.07,15400.67
emp_000439,2025-07-01,106237.94,0.07,14528.93
emp_000440,2026-07-01,89755.2,0.1,29037.44
emp_000440,2025-07-01,84674.72,0.1,27393.81
emp_000440,2024-07-01,79881.81,0.1,25843.22
emp_000441,2026-07-01,136926.0,0.1,28979.36
emp_000442,2026-07-01,67935.24,0.05,6908.79
emp_000443,2026-07-01,115900.58,0.15,38665.09
emp_000443,2025-07-01,109340.17,0.15,36476.5
emp_000443,2024-07-01,103151.1,0.15,34411.79
emp_000444,2026-07-01,97416.81,0.1,20070.63
emp_000445,2026-07-01,134626.58,0.1,21389.39
emp_000446,2026-07-01,65611.54,0.07,11389.2
emp_000446,2025-07-01,61897.68,0.07,10744.53
emp_000446,2024-07-01,58394.04,0.07,10136.35
emp_000447,2026-07-01,79901.98,0.07,6349.08
emp_000448,2026-07-01,188724.46,0.2,86266.29
emp_000448,2025-07-01,178041.94,0.2,81383.29
emp_000449,2026-07-01,43412.96,0.05,4455.43
emp_000449,2025-07-01,40955.62,0.05,4203.24
emp_000449,2024-07-01,38637.38,0.05,3965.32
emp_000450,2026-07-01,83080.13,0.07,13881.02
emp_000450,2025-07-01,78377.48,0.07,13095.3
emp_000450,2024-07-01,73941.02,0.07,12354.06
emp_000451,2026-07-01,81432.29,0.07,12845.81
emp_000451,2025-07-01,76822.92,0.07,12118.69
emp_000451,2024-07-01,72474.45,0.07,11432.73
emp_000452,2026-07-01,95624.95,0.1,21996.52
emp_000453,2026-07-01,177472.4,0.12,61489.57
emp_000454,2026-07-01,103911.85,0.1,28616.32
emp_000455,2026-07-01,49140.53,0.05,4231.45
emp_000456,2026-07-01,78667.4,0.07,10816.74
emp_000456,2025-07-01,74214.53,0.07,10204.47
emp_000457,2026-07-01,120521.56,0.15,24971.73
emp_000457,2025-07-01,113699.58,0.15,23558.24
emp_000457,2024-07-01,107263.76,0.15,22224.75
emp_000458,2026-07-01,157730.39,0.12,43002.74
emp_000459,2026-07-01,172765.9,0.12,46832.83
emp_000460,2026-07-01,132949.71,0.12,55815.83
emp_000461,2026-07-01,107766.93,0.15,36491.56
emp_000461,2025-07-01,101666.92,0.15,34426.0
emp_000462,2026-07-01,59987.72,0.05,4486.55
emp_000463,2026-07-01,96314.75,0.1,18873.35
emp_000464,2026-07-01,33862.3,0.1,25855.57
emp_000464,2025-07-01,31945.57,0.1,24392.05
emp_000464,2024-07-01,30137.33,0.1,23011.37
emp_000465,2026-07-01,87750.31,0.07,13021.72
emp_000466,2026-07-01,147258.97,0.15,48621.29
emp_000466,2025-07-01,138923.56,0.15,45869.14
emp_000467,2026-07-01,119009.93,0.1,25061.81
emp_000467,2025-07-01,112273.52,0.1,23643.22
emp_000468,2026-07-01,117360.29,0.15,31130.34
emp_000468,2025-07-01,110717.25,0.15,29368.25
emp_000468,2024-07-01,104450.24,0.15,27705.89
emp_000469,2026-07-01,164310.01,0.15,39420.42
emp_000469,2025-07-01,155009.44,0.15,37189.08
emp_000470,2026-07-01,37243.85,0.1,22963.47
emp_000470,2025-07-01,35135.71,0.1,21663.65
emp_000471,2026-07-01,153435.31,0.2,82740.68
emp_000471,2025-07-01,144750.29,0.2,78057.25
emp_000472,2026-07-01,118334.67,0.12,55824.79
emp_000473,2026-07-01,138982.97,0.15,57829.87
emp_000473,2025-07-01,131116.01,0.15,54556.48
emp_000473,2024-07-01,123694.35,0.15,51468.38
emp_000474,2026-07-01,84440.71,0.07,13949.03
emp_000475,2026-07-01,116355.39,0.1,20062.41
emp_000475,2025-07-01,109769.24,0.1,18926.8
emp_000475,2024-07-01,103555.88,0.1,17855.47
emp_000476,2026-07-01,108716.72,0.1,28392.01
emp_000476,2025-07-01,102562.94,0.1,26784.92
emp_000477,2026-07-01,65770.96,0.05,5640.3
emp_000478,2026-07-01,100182.79,0.1,20969.66
emp_000479,2026-07-01,148478.18,0.2,105279.59
emp_000480,2026-07-01,44117.29,0.12,53235.86
emp_000480,2025-07-01,41620.08,0.12,50222.51
emp_000481,2026-07-01,73736.92,0.07,8616.11
emp_000482,2026-07-01,74245.68,0.07,13092.49
emp_000483,2026-07-01,30000.0,0.07,12520.71
emp_000483,2025-07-01,28301.89,0.07,11811.99
emp_000484,2026-07-01,56411.63,0.05,4772.32
emp_000484,2025-07-01,53218.52,0.05,4502.19
emp_000484,2024-07-01,50206.15,0.05,4247.35
emp_000485,2026-07-01,176068.46,0.2,89325.84
emp_000485,2025-07-01,166102.32,0.2,84269.66
emp_000485,2024-07-01,156700.3,0.2,79499.68
emp_000486,2026-07-01,96152.22,0.1,21404.57
emp_000486,2025-07-01,90709.64,0.1,20192.99
emp_000487,2026-07-01,89674.27,0.07,13464.31
emp_000488,2026-07-01,140699.91,0.12,54522.04
emp_000489,2026-07-01,48395.02,0.05,5166.45
emp_000490,2026-07-01,84359.15,0.07,12857.14
emp_000490,2025-07-01,79584.1,0.07,12129.38
emp_000491,2026-07-01,140074.02,0.15,84599.12
emp_000491,2025-07-01,132145.3,0.15,79810.49
emp_000492,2026-07-01,135185.33,0.12,45162.89
emp_000492,2025-07-01,127533.33,0.12,42606.5
emp_000493,2026-07-01,264827.76,0.35,223204.44
emp_000493,2025-07-01,249837.51,0.35,210570.23
emp_000493,2024-07-01,235695.76,0.35,198651.16
emp_000494,2026-07-01,144971.99,0.12,61212.16
emp_000494,2025-07-01,136766.03,0.12,57747.32
emp_000494,2024-07-01,129024.56,0.12,54478.6
emp_000495,2026-07-01,98901.72,0.1,18938.95
emp_000496,2026-07-01,119752.97,0.15,46193.13
emp_000497,2026-07-01,174014.64,0.2,96677.79
emp_000497,2025-07-01,164164.75,0.2,91205.46
emp_000497,2024-07-01,154872.41,0.2,86042.89
emp_000498,2026-07-01,191905.0,0.15,123251.76
emp_000499,2026-07-01,61969.46,0.25,136655.39
emp_000499,2025-07-01,58461.75,0.25,128920.18
emp_000499,2024-07-01,55152.6,0.25,121622.81
