employee_id,quarter_end,rating
emp_000000,2026-04-02,3.46
emp_000000,2026-01-02,4.01
emp_000000,2025-10-04,3.6
emp_000000,2025-07-06,3.11
emp_000000,2025-04-07,2.91
emp_000000,2025-01-07,3.34
emp_000000,2024-10-09,3.7
emp_000000,2024-07-11,3.34
emp_000001,2026-04-02,3.93
emp_000001,2026-01-02,3.67
emp_000001,2025-10-04,3.99
emp_000001,2025-07-06,3.18
emp_000001,2025-04-07,4.3
emp_000001,2025-01-07,3.35
emp_000001,2024-10-09,4.01
emp_000001,2024-07-11,3.64
emp_000002,2026-04-02,3.96
emp_000002,2026-01-02,3.91
emp_000002,2025-10-04,4.09
emp_000002,2025-07-06,4.16
emp_000002,2025-04-07,4.37
emp_000002,2025-01-07,4.49
emp_000002,2024-10-09,4.11
emp_000002,2024-07-11,4.6
emp_000003,2026-04-02,4.08
emp_000003,2026-01-02,4.43
emp_000003,2025-10-04,4.2
emp_000003,2025-07-06,3.86
emp_000003,2025-04-07,4.11
emp_000003,2025-01-07,4.22
emp_000003,2024-10-09,4.04
emp_000003,2024-07-11,4.19
emp_000004,2026-04-02,4.31
emp_000004,2026-01-02,3.99
emp_000004,2025-10-04,2.97
emp_000004,2025-07-06,4.59
emp_000004,2025-04-07,3.9
emp_000004,2025-01-07,3.71
emp_000004,2024-10-09,3.61
emp_000004,2024-07-11,3.89
emp_000005,2026-04-02,3.15
emp_000005,2026-01-02,3.09
emp_000005,2025-10-04,3.1
emp_000005,2025-07-06,3.53
emp_000005,2025-04-07,4.05
emp_000005,2025-01-07,3.63
emp_000005,2024-10-09,3.74
emp_000005,2024-07-11,3.21
emp_000006,2026-04-02,3.64
emp_000006,2026-01-02,3.76
emp_000006,2025-10-04,3.38
emp_000006,2025-07-06,3.46
emp_000006,2025-04-07,3.91
emp_000006,2025-01-07,3.99
emp_000006,2024-10-09,3.63
emp_000006,2024-07-11,3.19
emp_000007,2026-04-02,3.1
emp_000007,2026-01-02,2.7
emp_000007,2025-10-04,3.23
emp_000008,2026-04-02,4.22
emp_000008,2026-01-02,4.04
emp_000008,2025-10-04,4.22
emp_000008,2025-07-06,4.28
emp_000008,2025-04-07,4.22
emp_000008,2025-01-07,3.71
emp_000009,2026-04-02,3.47
emp_000009,2026-01-02,3.7
emp_000009,2025-10-04,4.11
emp_000009,2025-07-06,3.46
emp_000009,2025-04-07,3.75
emp_000009,2025-01-07,3.86
emp_000009,2024-10-09,3.49
emp_000009,2024-07-11,3.96
emp_000010,2026-04-02,4.33
emp_000010,2026-01-02,4.4
emp_000010,2025-10-04,4.07
emp_000010,2025-07-06,4.74
emp_000011,2026-04-02,3.59
emp_000011,2026-01-02,4.55
emp_000011,2025-10-04,4.08
emp_000011,2025-07-06,4.28
emp_000011,2025-04-07,3.69
emp_000011,2025-01-07,4.1
emp_000011,2024-10-09,4.31
emp_000011,2024-07-11,3.43
emp_000012,2026-04-02,3.85
emp_000012,2026-01-02,3.15
emp_000012,2025-10-04,3.84
emp_000012,2025-07-06,3.62
emp_000012,2025-04-07,3.83
emp_000012,2025-01-07,4.93
emp_000012,2024-10-09,4.5
emp_000012,2024-07-11,3.4
emp_000013,2026-04-02,3.94
emp_000013,2026-01-02,4.03
emp_000013,2025-10-04,3.63
emp_000013,2025-07-06,3.81
emp_000013,2025-04-07,3.84
emp_000013,2025-01-07,3.27
emp_000013,2024-10-09,3.38
emp_000013,2024-07-11,3.81
emp_000014,2026-04-02,4.01
emp_000014,2026-01-02,3.72
emp_000014,2025-10-04,3.69
emp_000014,2025-07-06,3.94
emp_000015,2026-04-02,4.21
emp_000015,2026-01-02,3.88
emp_000015,2025-10-04,4.47
emp_000015,2025-07-06,3.66
emp_000015,2025-04-07,3.97
emp_000015,2025-01-07,3.78
emp_000015,2024-10-09,4.11
emp_000015,2024-07-11,3.63
emp_000016,2026-04-02,4.34
emp_000016,2026-01-02,3.07
emp_000016,2025-10-04,4.26
emp_000016,2025-07-06,3.7
emp_000016,2025-04-07,3.86
emp_000016,2025-01-07,4.13
emp_000016,2024-10-09,3.96
emp_000016,2024-07-11,3.41
emp_000017,2026-04-02,3.72
emp_000017,2026-01-02,4.16
emp_000018,2026-04-02,3.52
emp_000018,2026-01-02,4.57
emp_000018,2025-10-04,3.97
emp_000018,2025-07-06,3.68
emp_000018,2025-04-07,3.52
emp_000018,2025-01-07,3.75
emp_000018,2024-10-09,3.15
emp_000018,2024-07-11,3.69
emp_000019,2026-04-02,3.97
emp_000019,2026-01-02,3.69
emp_000019,2025-10-04,4.33
emp_000020,2026-04-02,3.58
emp_000020,2026-01-02,3.43
emp_000020,2025-10-04,3.54
emp_000020,2025-07-06,3.78
emp_000020,2025-04-07,3.68
emp_000020,2025-01-07,3.41
emp_000021,2026-04-02,3.9
emp_000021,2026-01-02,3.84
emp_000021,2025-10-04,3.46
emp_000021,2025-07-06,3.76
emp_000021,2025-04-07,4.06
emp_000021,2025-01-07,4.06
emp_000021,2024-10-09,3.78
emp_000021,2024-07-11,4.1
emp_000022,2026-04-02,3.05
emp_000022,2026-01-02,3.06
emp_000022,2025-10-04,3.3
emp_000022,2025-07-06,3.91
emp_000023,2026-04-02,3.9
emp_000023,2026-01-02,3.75
emp_000023,2025-10-04,4.39
emp_000023,2025-07-06,3.74
emp_000023,2025-04-07,4.63
emp_000023,2025-01-07,3.67
emp_000023,2024-10-09,3.49
emp_000024,2026-04-02,3.53
emp_000024,2026-01-02,3.5
emp_000024,2025-10-04,3.31
emp_000024,2025-07-06,4.5
emp_000025,2026-04-02,4.43
emp_000025,2026-01-02,4.48
emp_000025,2025-10-04,4.16
emp_000025,2025-07-06,4.12
emp_000025,2025-04-07,4.68
emp_000025,2025-01-07,3.73
emp_000025,2024-10-09,3.92
emp_000025,2024-07-11,4.23
emp_000026,2026-04-02,3.86
emp_000026,2026-01-02,3.25
emp_000026,2025-10-04,3.53
emp_000026,2025-07-06,3.39
emp_000026,2025-04-07,3.84
emp_000026,2025-01-07,2.83
emp_000026,2024-10-09,3.64
emp_000026,2024-07-11,3.31
emp_000027,2026-04-02,4.43
emp_000027,2026-01-02,3.82
emp_000027,2025-10-04,4.12
emp_000027,2025-07-06,4.07
emp_000027,2025-04-07,3.76
emp_000027,2025-01-07,3.66
emp_000027,2024-10-09,3.91
emp_000027,2024-07-11,4.16
emp_000028,2026-04-02,3.13
emp_000028,2026-01-02,3.28
emp_000028,2025-10-04,2.74
emp_000029,2026-04-02,3.86
emp_000029,2026-01-02,4.35
emp_000029,2025-10-04,4.24
emp_000029,2025-07-06,3.96
emp_000029,2025-04-07,4.08
emp_000029,2025-01-07,3.7
emp_000029,2024-10-09,4.56
emp_000029,2024-07-11,4.71
emp_000030,2026-04-02,4.0
emp_000031,2026-04-02,4.8
emp_000031,2026-01-02,3.65
emp_000031,2025-10-04,3.45
emp_000031,2025-07-06,3.64
emp_000031,2025-04-07,3.82
emp_000031,2025-01-07,4.7
emp_000031,2024-10-09,3.79
emp_000032,2026-04-02,3.65
emp_000032,2026-01-02,3.64
emp_000032,2025-10-04,4.35
emp_000032,2025-07-06,4.3
emp_000032,2025-04-07,3.78
emp_000032,2025-01-07,3.3
emp_000032,2024-10-09,3.56
emp_000032,2024-07-11,4.55
emp_000033,2026-04-02,3.66
emp_000033,2026-01-02,3.44
emp_000033,2025-10-04,4.07
emp_000033,2025-07-06,4.1
emp_000033,2025-04-07,3.4
emp_000033,2025-01-07,3.41
emp_000033,2024-10-09,3.21
emp_000035,2026-04-02,3.15
emp_000035,2026-01-02,2.73
emp_000035,2025-10-04,2.73
emp_000035,2025-07-06,2.65
emp_000035,2025-04-07,3.63
emp_000035,2025-01-07,2.7
emp_000035,2024-10-09,3.93
emp_000035,2024-07-11,2.99
emp_000036,2026-04-02,4.13
emp_000036,2026-01-02,3.4
emp_000036,2025-10-04,2.98
emp_000036,2025-07-06,3.98
emp_000036,2025-04-07,4.02
emp_000036,2025-01-07,3.21
emp_000036,2024-10-09,3.41
emp_000036,2024-07-11,3.21
emp_000037,2026-04-02,3.59
emp_000037,2026-01-02,3.67
emp_000037,2025-10-04,3.51
emp_000037,2025-07-06,2.99
emp_000037,2025-04-07,3.43
emp_000037,2025-01-07,3.88
emp_000037,2024-10-09,3.56
emp_000037,2024-07-11,3.51
emp_000038,2026-04-02,3.73
emp_000038,2026-01-02,3.84
emp_000038,2025-10-04,4.55
emp_000038,2025-07-06,3.66
emp_000038,2025-04-07,4.31
emp_000038,2025-01-07,4.07
emp_000038,2024-10-09,4.14
emp_000038,2024-07-11,3.8
emp_000039,2026-04-02,3.52
emp_000039,2026-01-02,3.64
emp_000039,2025-10-04,3.46
emp_000039,2025-07-06,3.76
emp_000039,2025-04-07,3.8
emp_000040,2026-04-02,4.13
emp_000040,2026-01-02,3.47
emp_000041,2026-04-02,3.0
emp_000041,2026-01-02,4.07
emp_000041,2025-10-04,3.59
emp_000041,2025-07-06,4.37
emp_000041,2025-04-07,4.18
emp_000041,2025-01-07,3.49
emp_000041,2024-10-09,3.92
emp_000041,2024-07-11,3.46
emp_000042,2026-04-02,4.27
emp_000042,2026-01-02,4.5
emp_000042,2025-10-04,4.65
emp_000042,2025-07-06,4.58
emp_000042,2025-04-07,4.29
emp_000042,2025-01-07,5.0
emp_000043,2026-04-02,3.46
emp_000043,2026-01-02,3.02
emp_000043,2025-10-04,3.09
emp_000043,2025-07-06,4.1
emp_000043,2025-04-07,3.56
emp_000043,2025-01-07,3.64
emp_000044,2026-04-02,3.69
emp_000044,2026-01-02,3.72
emp_000044,2025-10-04,3.61
emp_000044,2025-07-06,4.05
emp_000044,2025-04-07,3.85
emp_000044,2025-01-07,4.04
emp_000044,2024-10-09,4.0
emp_000044,2024-07-11,3.73
emp_000045,2026-04-02,3.77
emp_000045,2026-01-02,3.74
emp_000045,2025-10-04,5.0
emp_000045,2025-07-06,4.8
emp_000045,2025-04-07,4.75
emp_000045,2025-01-07,4.05
emp_000045,2024-10-09,4.29
emp_000045,2024-07-11,4.0
emp_000046,2026-04-02,3.94
emp_000046,2026-01-02,4.19
emp_000046,2025-10-04,4.86
emp_000046,2025-07-06,4.69
emp_000046,2025-04-07,4.06
emp_000046,2025-01-07,4.29
emp_000046,2024-10-09,4.66
emp_000046,2024-07-11,4.2
emp_000047,2026-04-02,4.16
emp_000047,2026-01-02,4.27
emp_000047,2025-10-04,4.27
emp_000047,2025-07-06,4.22
emp_000047,2025-04-07,3.9
emp_000047,2025-01-07,3.94
emp_000047,2024-10-09,3.74
emp_000047,2024-07-11,3.59
emp_000048,2026-04-02,4.28
emp_000048,2026-01-02,4.6
emp_000048,2025-10-04,3.83
emp_000049,2026-04-02,3.94
emp_000049,2026-01-02,4.12
emp_000049,2025-10-04,3.2
emp_000049,2025-07-06,3.75
emp_000049,2025-04-07,4.42
emp_000049,2025-01-07,4.04
emp_000049,2024-10-09,3.19
emp_000049,2024-07-11,4.08
emp_000050,2026-04-02,4.07
emp_000050,2026-01-02,4.57
emp_000050,2025-10-04,4.09
emp_000050,2025-07-06,4.31
emp_000050,2025-04-07,4.14
emp_000050,2025-01-07,4.33
emp_000050,2024-10-09,4.13
emp_000051,2026-04-02,3.52
emp_000051,2026-01-02,3.19
emp_000051,2025-10-04,3.77
emp_000051,2025-07-06,3.66
emp_000051,2025-04-07,3.03
emp_000051,2025-01-07,3.95
emp_000051,2024-10-09,3.54
emp_000051,2024-07-11,3.66
emp_000052,2026-04-02,4.48
emp_000052,2026-01-02,4.33
emp_000052,2025-10-04,4.62
emp_000052,2025-07-06,4.11
emp_000052,2025-04-07,4.57
emp_000053,2026-04-02,3.63
emp_000053,2026-01-02,3.77
emp_000053,2025-10-04,3.73
emp_000053,2025-07-06,4.03
emp_000053,2025-04-07,3.84
emp_000053,2025-01-07,3.44
emp_000053,2024-10-09,3.37
emp_000053,2024-07-11,3.57
emp_000054,2026-04-02,4.0
emp_000054,2026-01-02,3.9
emp_000054,2025-10-04,3.52
emp_000054,2025-07-06,3.72
emp_000054,2025-04-07,4.96
emp_000054,2025-01-07,4.04
emp_000054,2024-10-09,4.93
emp_000054,2024-07-11,4.41
emp_000055,2026-04-02,3.91
emp_000055,2026-01-02,3.4
emp_000055,2025-10-04,3.93
emp_000055,2025-07-06,4.59
emp_000055,2025-04-07,4.47
emp_000055,2025-01-07,4.03
emp_000055,2024-10-09,3.53
emp_000055,2024-07-11,3.59
emp_000056,2026-04-02,3.23
emp_000056,2026-01-02,3.97
emp_000056,2025-10-04,4.1
emp_000056,2025-07-06,3.59
emp_000056,2025-04-07,3.42
emp_000056,2025-01-07,4.07
emp_000056,2024-10-09,3.18
emp_000058,2026-04-02,3.56
emp_000058,2026-01-02,3.71
emp_000058,2025-10-04,3.24
emp_000058,2025-07-06,3.32
emp_000058,2025-04-07,3.3
emp_000058,2025-01-07,4.04
emp_000058,2024-10-09,4.22
emp_000059,2026-04-02,4.16
emp_000059,2026-01-02,4.03
emp_000059,2025-10-04,3.91
emp_000060,2026-04-02,3.71
emp_000060,2026-01-02,3.51
emp_000060,2025-10-04,3.67
emp_000060,2025-07-06,3.85
emp_000060,2025-04-07,3.56
emp_000060,2025-01-07,3.64
emp_000060,2024-10-09,3.64
emp_000060,2024-07-11,3.6
emp_000061,2026-04-02,3.25
emp_000061,2026-01-02,3.67
emp_000061,2025-10-04,2.79
emp_000061,2025-07-06,3.96
emp_000061,2025-04-07,3.45
emp_000061,2025-01-07,3.62
emp_000061,2024-10-09,3.66
emp_000061,2024-07-11,3.16
emp_000062,2026-04-02,3.73
emp_000062,2026-01-02,3.69
emp_000062,2025-10-04,3.97
emp_000062,2025-07-06,4.3
emp_000062,2025-04-07,3.85
emp_000062,2025-01-07,4.26
emp_000062,2024-10-09,3.22
emp_000063,2026-04-02,4.15
emp_000063,2026-01-02,4.69
emp_000063,2025-10-04,4.22
emp_000063,2025-07-06,3.99
emp_000063,2025-04-07,4.05
emp_000063,2025-01-07,3.22
emp_000063,2024-10-09,3.93
emp_000063,2024-07-11,4.65
emp_000064,2026-04-02,3.37
emp_000064,2026-01-02,3.41
emp_000064,2025-10-04,2.76
emp_000064,2025-07-06,3.0
emp_000064,2025-04-07,3.99
emp_000064,2025-01-07,3.79
emp_000064,2024-10-09,3.12
emp_000064,2024-07-11,3.35
emp_000065,2026-04-02,4.05
emp_000065,2026-01-02,3.64
emp_000065,2025-10-04,3.36
emp_000065,2025-07-06,4.01
emp_000065,2025-04-07,4.26
emp_000065,2025-01-07,4.27
emp_000065,2024-10-09,4.37
emp_000065,2024-07-11,3.52
emp_000066,2026-04-02,3.29
emp_000066,2026-01-02,3.17
emp_000066,2025-10-04,3.24
emp_000066,2025-07-06,3.19
emp_000066,2025-04-07,3.04
emp_000066,2025-01-07,2.21
emp_000066,2024-10-09,3.67
emp_000066,2024-07-11,3.38
emp_000067,2026-04-02,3.25
emp_000067,2026-01-02,3.93
emp_000067,2025-10-04,3.61
emp_000067,2025-07-06,3.62
emp_000067,2025-04-07,3.5
emp_000067,2025-01-07,3.95
emp_000067,2024-10-09,3.49
emp_000067,2024-07-11,3.38
emp_000068,2026-04-02,4.19
emp_000068,2026-01-02,3.73
emp_000068,2025-10-04,3.74
emp_000068,2025-07-06,4.04
emp_000068,2025-04-07,3.56
emp_000068,2025-01-07,3.63
emp_000068,2024-10-09,3.9
emp_000068,2024-07-11,3.26
emp_000069,2026-04-02,3.82
emp_000069,2026-01-02,3.48
emp_000069,2025-10-04,4.04
emp_000069,2025-07-06,3.94
emp_000069,2025-04-07,3.89
emp_000069,2025-01-07,3.18
emp_000069,2024-10-09,3.71
emp_000069,2024-07-11,3.33
emp_000070,2026-04-02,3.15
emp_000070,2026-01-02,2.35
emp_000070,2025-10-04,2.62
emp_000070,2025-07-06,3.58
emp_000070,2025-04-07,3.29
emp_000070,2025-01-07,3.04
emp_000070,2024-10-09,2.84
emp_000070,2024-07-11,2.78
emp_000071,2026-04-02,4.16
emp_000071,2026-01-02,3.97
emp_000071,2025-10-04,4.63
emp_000072,2026-04-02,3.88
emp_000072,2026-01-02,3.96
emp_000072,2025-10-04,3.45
emp_000072,2025-07-06,3.81
emp_000072,2025-04-07,4.0
emp_000072,2025-01-07,3.81
emp_000072,2024-10-09,3.77
emp_000072,2024-07-11,4.06
emp_000073,2026-04-02,4.55
emp_000073,2026-01-02,4.07
emp_000073,2025-10-04,4.42
emp_000073,2025-07-06,4.23
emp_000073,2025-04-07,4.4
emp_000073,2025-01-07,3.8
emp_000073,2024-10-09,3.94
emp_000073,2024-07-11,3.94
emp_000074,2026-04-02,3.94
emp_000074,2026-01-02,4.02
emp_000074,2025-10-04,3.79
emp_000074,2025-07-06,4.05
emp_000074,2025-04-07,3.55
emp_000074,2025-01-07,4.06
emp_000075,2026-04-02,4.22
emp_000075,2026-01-02,4.1
emp_000075,2025-10-04,3.91
emp_000075,2025-07-06,4.12
emp_000075,2025-04-07,3.55
emp_000075,2025-01-07,3.94
emp_000075,2024-10-09,3.97
emp_000075,2024-07-11,3.4
emp_000076,2026-04-02,3.87
emp_000076,2026-01-02,3.27
emp_000076,2025-10-04,3.56
emp_000076,2025-07-06,3.72
emp_000076,2025-04-07,3.45
emp_000076,2025-01-07,3.74
emp_000076,2024-10-09,3.73
emp_000076,2024-07-11,3.42
emp_000077,2026-04-02,4.36
emp_000077,2026-01-02,3.89
emp_000078,2026-04-02,4.52
emp_000078,2026-01-02,3.68
emp_000078,2025-10-04,3.31
emp_000078,2025-07-06,3.37
emp_000079,2026-04-02,4.65
emp_000079,2026-01-02,4.1
emp_000079,2025-10-04,3.77
emp_000079,2025-07-06,4.55
emp_000079,2025-04-07,4.1
emp_000080,2026-04-02,4.17
emp_000080,2026-01-02,4.27
emp_000080,2025-10-04,4.04
emp_000080,2025-07-06,4.78
emp_000080,2025-04-07,3.34
emp_000080,2025-01-07,3.66
emp_000080,2024-10-09,3.85
emp_000080,2024-07-11,4.73
emp_000081,2026-04-02,4.31
emp_000081,2026-01-02,4.13
emp_000081,2025-10-04,3.4
emp_000081,2025-07-06,3.44
emp_000081,2025-04-07,3.39
emp_000081,2025-01-07,3.4
emp_000082,2026-04-02,4.37
emp_000082,2026-01-02,3.76
emp_000082,2025-10-04,3.81
emp_000082,2025-07-06,4.12
emp_000082,2025-04-07,3.26
emp_000082,2025-01-07,3.86
emp_000082,2024-10-09,3.46
emp_000082,2024-07-11,3.74
emp_000083,2026-04-02,3.53
emp_000083,2026-01-02,3.51
emp_000083,2025-10-04,3.82
emp_000083,2025-07-06,3.82
emp_000083,2025-04-07,3.66
emp_000083,2025-01-07,3.87
emp_000083,2024-10-09,3.43
emp_000083,2024-07-11,3.98
emp_000084,2026-04-02,3.73
emp_000084,2026-01-02,3.63
emp_000084,2025-10-04,3.52
emp_000084,2025-07-06,3.72
emp_000084,2025-04-07,4.46
emp_000084,2025-01-07,3.78
emp_000084,2024-10-09,3.4
emp_000084,2024-07-11,4.12
emp_000085,2026-04-02,3.48
emp_000085,2026-01-02,3.74
emp_000085,2025-10-04,3.43
emp_000085,2025-07-06,4.09
emp_000085,2025-04-07,3.44
emp_000085,2025-01-07,4.13
emp_000086,2026-04-02,3.33
emp_000086,2026-01-02,3.59
emp_000086,2025-10-04,4.19
emp_000086,2025-07-06,3.76
emp_000087,2026-04-02,4.78
emp_000087,2026-01-02,3.89
emp_000087,2025-10-04,4.08
emp_000087,2025-07-06,4.66
emp_000087,2025-04-07,3.46
emp_000087,2025-01-07,3.41
emp_000087,2024-10-09,3.71
emp_000087,2024-07-11,4.27
emp_000088,2026-04-02,3.29
emp_000088,2026-01-02,4.06
emp_000088,2025-10-04,4.03
emp_000088,2025-07-06,4.56
emp_000088,2025-04-07,4.22
emp_000088,2025-01-07,3.98
emp_000088,2024-10-09,4.33
emp_000088,2024-07-11,4.04
emp_000089,2026-04-02,3.75
emp_000089,2026-01-02,3.51
emp_000089,2025-10-04,3.71
emp_000089,2025-07-06,3.9
emp_000089,2025-04-07,3.97
emp_000089,2025-01-07,3.16
emp_000089,2024-10-09,3.84
emp_000089,2024-07-11,3.92
emp_000091,2026-04-02,3.78
emp_000091,2026-01-02,4.16
emp_000091,2025-10-04,3.66
emp_000091,2025-07-06,3.27
emp_000091,2025-04-07,2.95
emp_000091,2025-01-07,3.83
emp_000091,2024-10-09,3.29
emp_000091,2024-07-11,3.89
emp_000092,2026-04-02,4.32
emp_000092,2026-01-02,3.29
emp_000092,2025-10-04,4.02
emp_000092,2025-07-06,4.28
emp_000092,2025-04-07,4.18
emp_000092,2025-01-07,3.09
emp_000092,2024-10-09,3.53
emp_000093,2026-04-02,3.3
emp_000093,2026-01-02,3.93
emp_000093,2025-10-04,3.9
emp_000093,2025-07-06,2.81
emp_000093,2025-04-07,3.65
emp_000093,2025-01-07,4.03
emp_000093,2024-10-09,3.8
emp_000093,2024-07-11,3.8
emp_000094,2026-04-02,3.05
emp_000094,2026-01-02,2.81
emp_000094,2025-10-04,3.17
emp_000094,2025-07-06,3.19
emp_000094,2025-04-07,3.39
emp_000094,2025-01-07,3.42
emp_000094,2024-10-09,3.21
emp_000094,2024-07-11,3.56
emp_000095,2026-04-02,3.49
emp_000095,2026-01-02,3.11
emp_000095,2025-10-04,3.78
emp_000095,2025-07-06,3.66
emp_000095,2025-04-07,3.79
emp_000095,2025-01-07,3.17
emp_000096,2026-04-02,4.46
emp_000096,2026-01-02,4.08
emp_000096,2025-10-04,3.73
emp_000096,2025-07-06,3.5
emp_000096,2025-04-07,4.21
emp_000096,2025-01-07,3.44
emp_000096,2024-10-09,4.62
emp_000096,2024-07-11,3.61
emp_000097,2026-04-02,4.82
emp_000097,2026-01-02,4.16
emp_000097,2025-10-04,4.77
emp_000098,2026-04-02,3.29
emp_000098,2026-01-02,3.55
emp_000098,2025-10-04,3.83
emp_000098,2025-07-06,3.78
emp_000099,2026-04-02,3.63
emp_000099,2026-01-02,3.07
emp_000099,2025-10-04,3.28
emp_000099,2025-07-06,3.68
emp_000099,2025-04-07,3.0
emp_000099,2025-01-07,3.45
emp_000100,2026-04-02,3.78
emp_000100,2026-01-02,3.93
emp_000100,2025-10-04,3.89
emp_000100,2025-07-06,3.58
emp_000101,2026-04-02,4.26
emp_000101,2026-01-02,4.41
emp_000101,2025-10-04,4.32
emp_000101,2025-07-06,4.91
emp_000101,2025-04-07,4.71
emp_000101,2025-01-07,4.46
emp_000101,2024-10-09,4.09
emp_000101,2024-07-11,4.07
emp_000102,2026-04-02,4.76
emp_000102,2026-01-02,3.71
emp_000102,2025-10-04,4.11
emp_000102,2025-07-06,4.19
emp_000102,2025-04-07,3.96
emp_000103,2026-04-02,3.32
emp_000103,2026-01-02,3.39
emp_000103,2025-10-04,3.47
emp_000103,2025-07-06,3.42
emp_000103,2025-04-07,4.13
emp_000103,2025-01-07,3.66
emp_000103,2024-10-09,3.48
emp_000103,2024-07-11,3.7
emp_000104,2026-04-02,3.92
emp_000104,2026-01-02,3.56
emp_000104,2025-10-04,4.0
emp_000104,2025-07-06,3.24
emp_000104,2025-04-07,4.09
emp_000105,2026-04-02,3.66
emp_000105,2026-01-02,3.64
emp_000105,2025-10-04,3.42
emp_000105,2025-07-06,3.23
emp_000105,2025-04-07,3.08
emp_000105,2025-01-07,3.39
emp_000105,2024-10-09,3.87
emp_000105,2024-07-11,3.32
emp_000106,2026-04-02,3.44
emp_000106,2026-01-02,3.67
emp_000106,2025-10-04,3.85
emp_000106,2025-07-06,3.86
emp_000107,2026-04-02,4.09
emp_000107,2026-01-02,4.5
emp_000107,2025-10-04,4.58
emp_000107,2025-07-06,4.84
emp_000107,2025-04-07,3.57
emp_000107,2025-01-07,3.84
emp_000107,2024-10-09,4.38
emp_000107,2024-07-11,3.98
emp_000108,2026-04-02,4.27
emp_000108,2026-01-02,4.04
emp_000108,2025-10-04,4.52
emp_000108,2025-07-06,4.33
emp_000108,2025-04-07,4.34
emp_000108,2025-01-07,3.82
emp_000108,2024-10-09,3.93
emp_000108,2024-07-11,3.86
emp_000109,2026-04-02,3.86
emp_000109,2026-01-02,4.9
emp_000109,2025-10-04,4.64
emp_000109,2025-07-06,4.26
emp_000109,2025-04-07,4.84
emp_000109,2025-01-07,4.16
emp_000109,2024-10-09,3.74
emp_000109,2024-07-11,4.74
emp_000110,2026-04-02,3.33
emp_000110,2026-01-02,3.71
emp_000110,2025-10-04,3.85
emp_000110,2025-07-06,3.92
emp_000110,2025-04-07,4.08
emp_000110,2025-01-07,3.98
emp_000110,2024-10-09,3.97
emp_000110,2024-07-11,3.5
emp_000111,2026-04-02,3.38
emp_000111,2026-01-02,2.75
emp_000111,2025-10-04,3.83
emp_000111,2025-07-06,2.79
emp_000111,2025-04-07,3.16
emp_000111,2025-01-07,2.82
emp_000111,2024-10-09,3.02
emp_000111,2024-07-11,3.28
emp_000112,2026-04-02,3.41
emp_000113,2026-04-02,4.24
emp_000113,2026-01-02,3.92
emp_000113,2025-10-04,3.68
emp_000113,2025-07-06,3.79
emp_000113,2025-04-07,4.26
emp_000113,2025-01-07,4.16
emp_000113,2024-10-09,3.44
emp_000113,2024-07-11,3.6
emp_000114,2026-04-02,4.38
emp_000114,2026-01-02,4.34
emp_000114,2025-10-04,3.84
emp_000114,2025-07-06,4.47
emp_000114,2025-04-07,3.9
emp_000114,2025-01-07,4.67
emp_000114,2024-10-09,4.4
emp_000115,2026-04-02,3.84
emp_000115,2026-01-02,4.05
emp_000115,2025-10-04,4.05
emp_000115,2025-07-06,4.3
emp_000115,2025-04-07,4.17
emp_000115,2025-01-07,3.84
emp_000115,2024-10-09,3.75
emp_000115,2024-07-11,4.43
emp_000116,2026-04-02,4.28
emp_000116,2026-01-02,4.21
emp_000116,2025-10-04,4.27
emp_000116,2025-07-06,3.96
emp_000117,2026-04-02,3.84
emp_000117,2026-01-02,4.66
emp_000117,2025-10-04,4.19
emp_000117,2025-07-06,3.68
emp_000117,2025-04-07,3.59
emp_000117,2025-01-07,2.77
emp_000117,2024-10-09,4.15
emp_000117,2024-07-11,4.05
emp_000118,2026-04-02,3.69
emp_000118,2026-01-02,3.38
emp_000118,2025-10-04,3.48
emp_000118,2025-07-06,4.04
emp_000118,2025-04-07,3.85
emp_000118,2025-01-07,4.12
emp_000118,2024-10-09,3.91
emp_000118,2024-07-11,4.22
emp_000119,2026-04-02,3.67
emp_000119,2026-01-02,3.83
emp_000119,2025-10-04,2.81
emp_000119,2025-07-06,3.11
emp_000119,2025-04-07,3.41
emp_000119,2025-01-07,3.92
emp_000119,2024-10-09,4.2
emp_000119,2024-07-11,3.48
emp_000120,2026-04-02,3.7
emp_000120,2026-01-02,3.23
emp_000120,2025-10-04,4.22
emp_000120,2025-07-06,3.72
emp_000120,2025-04-07,4.95
emp_000120,2025-01-07,3.66
emp_000120,2024-10-09,4.65
emp_000120,2024-07-11,4.18
emp_000121,2026-04-02,3.77
emp_000121,2026-01-02,4.22
emp_000121,2025-10-04,4.4
emp_000121,2025-07-06,4.05
emp_000121,2025-04-07,4.43
emp_000121,2025-01-07,4.42
emp_000121,2024-10-09,4.34
emp_000121,2024-07-11,4.13
emp_000122,2026-04-02,3.61
emp_000122,2026-01-02,4.0
emp_000122,2025-10-04,4.09
emp_000122,2025-07-06,3.37
emp_000123,2026-04-02,4.41
emp_000123,2026-01-02,4.31
emp_000123,2025-10-04,3.89
emp_000123,2025-07-06,4.23
emp_000123,2025-04-07,4.24
emp_000123,2025-01-07,5.0
emp_000123,2024-10-09,4.43
emp_000123,2024-07-11,4.71
emp_000124,2026-04-02,3.74
emp_000124,2026-01-02,3.12
emp_000124,2025-10-04,4.01
emp_000124,2025-07-06,3.55
emp_000125,2026-04-02,4.04
emp_000125,2026-01-02,3.79
emp_000125,2025-10-04,4.18
emp_000125,2025-07-06,4.53
emp_000125,2025-04-07,4.48
emp_000125,2025-01-07,4.71
emp_000125,2024-10-09,4.76
emp_000125,2024-07-11,3.44
emp_000126,2026-04-02,3.21
emp_000126,2026-01-02,3.0
emp_000126,2025-10-04,3.85
emp_000126,2025-07-06,3.39
emp_000126,2025-04-07,3.46
emp_000126,2025-01-07,3.55
emp_000126,2024-10-09,3.76
emp_000127,2026-04-02,3.57
emp_000127,2026-01-02,3.65
emp_000127,2025-10-04,4.09
emp_000127,2025-07-06,4.51
emp_000127,2025-04-07,4.08
emp_000127,2025-01-07,3.81
emp_000127,2024-10-09,3.34
emp_000127,2024-07-11,4.42
emp_000128,2026-04-02,3.7
emp_000128,2026-01-02,3.56
emp_000128,2025-10-04,3.36
emp_000128,2025-07-06,3.45
emp_000128,2025-04-07,3.62
emp_000129,2026-04-02,3.78
emp_000129,2026-01-02,3.44
emp_000129,2025-10-04,3.93
emp_000129,2025-07-06,3.78
emp_000129,2025-04-07,4.64
emp_000129,2025-01-07,3.27
emp_000129,2024-10-09,3.92
emp_000129,2024-07-11,3.93
emp_000130,2026-04-02,3.6
emp_000130,2026-01-02,4.0
emp_000130,2025-10-04,4.23
emp_000130,2025-07-06,4.0
emp_000130,2025-04-07,4.45
emp_000130,2025-01-07,3.2
emp_000130,2024-10-09,3.67
emp_000130,2024-07-11,4.48
emp_000131,2026-04-02,4.27
emp_000131,2026-01-02,4.14
emp_000131,2025-10-04,4.38
emp_000131,2025-07-06,3.28
emp_000131,2025-04-07,4.23
emp_000131,2025-01-07,4.33
emp_000131,2024-10-09,3.72
emp_000131,2024-07-11,4.87
emp_000132,2026-04-02,4.04
emp_000132,2026-01-02,3.2
emp_000132,2025-10-04,4.1
emp_000132,2025-07-06,3.72
emp_000132,2025-04-07,4.38
emp_000132,2025-01-07,4.16
emp_000133,2026-04-02,3.52
emp_000133,2026-01-02,4.25
emp_000133,2025-10-04,4.06
emp_000133,2025-07-06,3.44
emp_000133,2025-04-07,3.67
emp_000134,2026-04-02,3.77
emp_000134,2026-01-02,3.46
emp_000134,2025-10-04,3.47
emp_000134,2025-07-06,3.6
emp_000135,2026-04-02,3.04
emp_000135,2026-01-02,2.63
emp_000135,2025-10-04,3.5
emp_000135,2025-07-06,2.72
emp_000135,2025-04-07,3.06
emp_000135,2025-01-07,2.79
emp_000135,2024-10-09,2.84
emp_000135,2024-07-11,3.56
emp_000136,2026-04-02,3.99
emp_000136,2026-01-02,3.98
emp_000136,2025-10-04,3.61
emp_000136,2025-07-06,3.84
emp_000136,2025-04-07,4.2
emp_000136,2025-01-07,4.05
emp_000136,2024-10-09,4.36
emp_000136,2024-07-11,4.41
emp_000137,2026-04-02,3.58
emp_000137,2026-01-02,3.02
emp_000137,2025-10-04,3.4
emp_000137,2025-07-06,3.63
emp_000137,2025-04-07,3.4
emp_000138,2026-04-02,3.42
emp_000138,2026-01-02,3.81
emp_000138,2025-10-04,4.64
emp_000138,2025-07-06,3.61
emp_000138,2025-04-07,3.78
emp_000138,2025-01-07,3.33
emp_000138,2024-10-09,4.22
emp_000138,2024-07-11,4.09
emp_000139,2026-04-02,4.24
emp_000139,2026-01-02,4.43
emp_000139,2025-10-04,3.8
emp_000139,2025-07-06,3.85
emp_000139,2025-04-07,4.55
emp_000140,2026-04-02,4.2
emp_000140,2026-01-02,3.2
emp_000140,2025-10-04,4.14
emp_000140,2025-07-06,3.78
emp_000140,2025-04-07,4.29
emp_000140,2025-01-07,4.12
emp_000140,2024-10-09,3.37
emp_000140,2024-07-11,4.07
emp_000141,2026-04-02,4.19
emp_000141,2026-01-02,4.24
emp_000141,2025-10-04,4.32
emp_000141,2025-07-06,4.64
emp_000141,2025-04-07,4.26
emp_000141,2025-01-07,4.12
emp_000141,2024-10-09,4.52
emp_000141,2024-07-11,4.9
emp_000142,2026-04-02,4.09
emp_000142,2026-01-02,3.84
emp_000142,2025-10-04,3.92
emp_000142,2025-07-06,3.86
emp_000142,2025-04-07,3.78
emp_000142,2025-01-07,4.53
emp_000142,2024-10-09,3.51
emp_000142,2024-07-11,4.18
emp_000143,2026-04-02,3.68
emp_000143,2026-01-02,3.21
emp_000143,2025-10-04,3.66
emp_000143,2025-07-06,3.53
emp_000143,2025-04-07,3.93
emp_000143,2025-01-07,3.76
emp_000143,2024-10-09,3.37
emp_000143,2024-07-11,4.24
emp_000144,2026-04-02,4.33
emp_000144,2026-01-02,4.5
emp_000144,2025-10-04,4.03
emp_000144,2025-07-06,3.94
emp_000145,2026-04-02,3.84
emp_000145,2026-01-02,3.39
emp_000145,2025-10-04,3.64
emp_000145,2025-07-06,3.53
emp_000145,2025-04-07,3.08
emp_000145,2025-01-07,3.64
emp_000145,2024-10-09,3.44
emp_000145,2024-07-11,3.51
emp_000146,2026-04-02,4.21
emp_000146,2026-01-02,4.53
emp_000146,2025-10-04,3.79
emp_000146,2025-07-06,3.97
emp_000146,2025-04-07,3.82
emp_000146,2025-01-07,3.79
emp_000146,2024-10-09,3.88
emp_000146,2024-07-11,4.02
emp_000147,2026-04-02,4.04
emp_000147,2026-01-02,3.94
emp_000147,2025-10-04,3.46
emp_000147,2025-07-06,4.28
emp_000148,2026-04-02,4.01
emp_000149,2026-04-02,3.37
emp_000149,2026-01-02,4.11
emp_000149,2025-10-04,3.8
emp_000149,2025-07-06,3.63
emp_000149,2025-04-07,3.81
emp_000149,2025-01-07,3.68
emp_000150,2026-04-02,4.31
emp_000150,2026-01-02,4.19
emp_000150,2025-10-04,4.01
emp_000150,2025-07-06,3.41
emp_000150,2025-04-07,4.31
emp_000150,2025-01-07,3.99
emp_000150,2024-10-09,4.4
emp_000150,2024-07-11,4.29
emp_000151,2026-04-02,3.45
emp_000151,2026-01-02,3.93
emp_000151,2025-10-04,3.65
emp_000151,2025-07-06,3.63
emp_000151,2025-04-07,3.53
emp_000151,2025-01-07,4.17
emp_000151,2024-10-09,3.33
emp_000151,2024-07-11,3.46
emp_000152,2026-04-02,2.73
emp_000152,2026-01-02,3.41
emp_000153,2026-04-02,3.62
emp_000153,2026-01-02,3.66
emp_000153,2025-10-04,3.64
emp_000153,2025-07-06,3.85
emp_000153,2025-04-07,3.39
emp_000154,2026-04-02,3.11
emp_000154,2026-01-02,4.05
emp_000154,2025-10-04,3.15
emp_000154,2025-07-06,4.19
emp_000154,2025-04-07,4.44
emp_000154,2025-01-07,3.83
emp_000154,2024-10-09,4.35
emp_000155,2026-04-02,3.95
emp_000155,2026-01-02,4.51
emp_000155,2025-10-04,3.79
emp_000155,2025-07-06,3.13
emp_000155,2025-04-07,3.93
emp_000155,2025-01-07,4.55
emp_000155,2024-10-09,4.14
emp_000155,2024-07-11,3.77
emp_000156,2026-04-02,3.62
emp_000156,2026-01-02,3.84
emp_000156,2025-10-04,3.47
emp_000156,2025-07-06,4.42
emp_000156,2025-04-07,3.32
emp_000156,2025-01-07,3.85
emp_000156,2024-10-09,3.77
emp_000156,2024-07-11,3.26
emp_000157,2026-04-02,3.21
emp_000158,2026-04-02,4.73
emp_000158,2026-01-02,4.42
emp_000158,2025-10-04,4.49
emp_000159,2026-04-02,3.74
emp_000159,2026-01-02,4.54
emp_000159,2025-10-04,4.42
emp_000159,2025-07-06,4.29
emp_000159,2025-04-07,4.44
emp_000159,2025-01-07,4.17
emp_000159,2024-10-09,4.11
emp_000159,2024-07-11,4.23
emp_000160,2026-04-02,3.8
emp_000160,2026-01-02,4.73
emp_000160,2025-10-04,4.29
emp_000160,2025-07-06,3.63
emp_000160,2025-04-07,4.68
emp_000160,2025-01-07,3.82
emp_000160,2024-10-09,3.98
emp_000160,2024-07-11,4.28
emp_000161,2026-04-02,3.45
emp_000161,2026-01-02,4.05
emp_000161,2025-10-04,3.94
emp_000161,2025-07-06,4.21
emp_000161,2025-04-07,4.27
emp_000161,2025-01-07,4.11
emp_000161,2024-10-09,4.09
emp_000161,2024-07-11,4.51
emp_000162,2026-04-02,3.52
emp_000162,2026-01-02,3.43
emp_000162,2025-10-04,3.47
emp_000162,2025-07-06,4.06
emp_000162,2025-04-07,3.47
emp_000163,2026-04-02,3.36
emp_000163,2026-01-02,2.87
emp_000163,2025-10-04,3.04
emp_000163,2025-07-06,3.37
emp_000163,2025-04-07,3.5
emp_000163,2025-01-07,3.34
emp_000163,2024-10-09,3.66
emp_000163,2024-07-11,3.34
emp_000164,2026-04-02,2.99
emp_000164,2026-01-02,3.53
emp_000164,2025-10-04,3.79
emp_000164,2025-07-06,2.93
emp_000164,2025-04-07,3.4
emp_000164,2025-01-07,2.65
emp_000165,2026-04-02,3.39
emp_000166,2026-04-02,3.64
emp_000166,2026-01-02,4.24
emp_000166,2025-10-04,3.57
emp_000166,2025-07-06,3.56
emp_000166,2025-04-07,3.86
emp_000166,2025-01-07,3.86
emp_000166,2024-10-09,3.57
emp_000166,2024-07-11,4.54
emp_000167,2026-04-02,3.37
emp_000167,2026-01-02,3.5
emp_000167,2025-10-04,3.32
emp_000167,2025-07-06,3.62
emp_000167,2025-04-07,3.89
emp_000167,2025-01-07,4.04
emp_000167,2024-10-09,3.2
emp_000167,2024-07-11,3.85
emp_000168,2026-04-02,4.18
emp_000168,2026-01-02,4.33
emp_000168,2025-10-04,3.95
emp_000168,2025-07-06,3.92
emp_000168,2025-04-07,4.31
emp_000168,2025-01-07,4.32
emp_000168,2024-10-09,4.53
emp_000168,2024-07-11,4.06
emp_000169,2026-04-02,3.62
emp_000169,2026-01-02,2.8
emp_000169,2025-10-04,3.09
emp_000169,2025-07-06,3.52
emp_000169,2025-04-07,3.27
emp_000169,2025-01-07,3.94
emp_000169,2024-10-09,3.2
emp_000169,2024-07-11,3.48
emp_000170,2026-04-02,3.7
emp_000170,2026-01-02,4.28
emp_000170,2025-10-04,3.64
emp_000170,2025-07-06,4.02
emp_000170,2025-04-07,3.93
emp_000170,2025-01-07,4.17
emp_000170,2024-10-09,4.15
emp_000170,2024-07-11,3.85
emp_000171,2026-04-02,3.44
emp_000171,2026-01-02,3.95
emp_000171,2025-10-04,4.02
emp_000171,2025-07-06,4.13
emp_000172,2026-04-02,3.63
emp_000172,2026-01-02,4.29
emp_000172,2025-10-04,3.89
emp_000172,2025-07-06,3.57
emp_000172,2025-04-07,3.73
emp_000172,2025-01-07,4.56
emp_000173,2026-04-02,4.11
emp_000173,2026-01-02,4.24
emp_000173,2025-10-04,3.51
emp_000173,2025-07-06,3.64
emp_000173,2025-04-07,3.64
emp_000173,2025-01-07,3.94
emp_000173,2024-10-09,3.82
emp_000173,2024-07-11,3.71
emp_000174,2026-04-02,3.2
emp_000174,2026-01-02,3.05
emp_000174,2025-10-04,3.27
emp_000174,2025-07-06,3.72
emp_000174,2025-04-07,2.8
emp_000174,2025-01-07,3.45
emp_000174,2024-10-09,3.81
emp_000174,2024-07-11,3.27
emp_000175,2026-04-02,3.17
emp_000176,2026-04-02,3.54
emp_000177,2026-04-02,3.19
emp_000177,2026-01-02,3.53
emp_000177,2025-10-04,3.18
emp_000177,2025-07-06,2.88
emp_000177,2025-04-07,3.49
emp_000177,2025-01-07,3.1
emp_000177,2024-10-09,3.53
emp_000177,2024-07-11,3.93
emp_000178,2026-04-02,4.83
emp_000178,2026-01-02,4.21
emp_000178,2025-10-04,4.54
emp_000178,2025-07-06,4.32
emp_000178,2025-04-07,4.05
emp_000178,2025-01-07,3.51
emp_000178,2024-10-09,4.75
emp_000178,2024-07-11,3.81
emp_000179,2026-04-02,4.28
emp_000179,2026-01-02,3.98
emp_000179,2025-10-04,3.45
emp_000179,2025-07-06,3.91
emp_000179,2025-04-07,4.54
emp_000179,2025-01-07,4.33
emp_000179,2024-10-09,3.62
emp_000179,2024-07-11,3.55
emp_000180,2026-04-02,3.82
emp_000180,2026-01-02,3.73
emp_000180,2025-10-04,4.2
emp_000180,2025-07-06,4.04
emp_000180,2025-04-07,3.19
emp_000180,2025-01-07,3.94
emp_000180,2024-10-09,3.72
emp_000180,2024-07-11,3.8
emp_000181,2026-04-02,4.04
emp_000181,2026-01-02,4.37
emp_000181,2025-10-04,4.3
emp_000181,2025-07-06,3.69
emp_000181,2025-04-07,3.93
emp_000181,2025-01-07,3.8
emp_000181,2024-10-09,3.36
emp_000181,2024-07-11,3.91
emp_000182,2026-04-02,4.43
emp_000182,2026-01-02,3.19
emp_000182,2025-10-04,3.78
emp_000182,2025-07-06,3.77
emp_000182,2025-04-07,3.89
emp_000182,2025-01-07,3.45
emp_000182,2024-10-09,3.29
emp_000182,2024-07-11,3.31
emp_000183,2026-04-02,4.1
emp_000183,2026-01-02,3.29
emp_000183,2025-10-04,3.46
emp_000183,2025-07-06,4.37
emp_000183,2025-04-07,3.38
emp_000183,2025-01-07,3.76
emp_000183,2024-10-09,4.01
emp_000183,2024-07-11,3.99
emp_000184,2026-04-02,3.42
emp_000184,2026-01-02,3.63
emp_000184,2025-10-04,3.99
emp_000184,2025-07-06,4.56
emp_000185,2026-04-02,3.63
emp_000185,2026-01-02,3.72
emp_000185,2025-10-04,4.04
emp_000185,2025-07-06,4.11
emp_000185,2025-04-07,4.13
emp_000185,2025-01-07,3.6
emp_000185,2024-10-09,3.71
emp_000185,2024-07-11,3.97
emp_000186,2026-04-02,4.47
emp_000186,2026-01-02,3.95
emp_000186,2025-10-04,4.02
emp_000186,2025-07-06,3.67
emp_000186,2025-04-07,4.68
emp_000186,2025-01-07,4.09
emp_000186,2024-10-09,4.41
emp_000186,2024-07-11,4.04
emp_000187,2026-04-02,3.75
emp_000187,2026-01-02,3.2
emp_000187,2025-10-04,2.97
emp_000187,2025-07-06,4.16
emp_000187,2025-04-07,3.75
emp_000187,2025-01-07,3.79
emp_000187,2024-10-09,3.29
emp_000187,2024-07-11,3.41
emp_000188,2026-04-02,4.38
emp_000188,2026-01-02,4.61
emp_000188,2025-10-04,3.79
emp_000188,2025-07-06,4.24
emp_000188,2025-04-07,4.07
emp_000188,2025-01-07,3.96
emp_000188,2024-10-09,4.65
emp_000188,2024-07-11,3.85
emp_000189,2026-04-02,4.09
emp_000189,2026-01-02,3.79
emp_000189,2025-10-04,3.65
emp_000189,2025-07-06,4.13
emp_000189,2025-04-07,3.75
emp_000189,2025-01-07,3.62
emp_000189,2024-10-09,4.13
emp_000190,2026-04-02,3.99
emp_000190,2026-01-02,3.97
emp_000190,2025-10-04,2.19
emp_000190,2025-07-06,3.7
emp_000190,2025-04-07,3.62
emp_000190,2025-01-07,3.54
emp_000190,2024-10-09,3.76
emp_000190,2024-07-11,3.64
emp_000191,2026-04-02,4.32
emp_000191,2026-01-02,3.98
emp_000191,2025-10-04,4.6
emp_000191,2025-07-06,4.35
emp_000191,2025-04-07,4.27
emp_000191,2025-01-07,4.25
emp_000191,2024-10-09,4.48
emp_000191,2024-07-11,4.44
emp_000192,2026-04-02,3.89
emp_000192,2026-01-02,4.27
emp_000192,2025-10-04,3.99
emp_000192,2025-07-06,4.6
emp_000192,2025-04-07,4.31
emp_000192,2025-01-07,3.71
emp_000192,2024-10-09,4.74
emp_000192,2024-07-11,3.19
emp_000193,2026-04-02,3.66
emp_000193,2026-01-02,3.19
emp_000193,2025-10-04,4.09
emp_000193,2025-07-06,3.52
emp_000193,2025-04-07,3.15
emp_000193,2025-01-07,3.34
emp_000193,2024-10-09,3.18
emp_000194,2026-04-02,3.98
emp_000194,2026-01-02,3.97
emp_000194,2025-10-04,3.83
emp_000194,2025-07-06,4.18
emp_000194,2025-04-07,4.23
emp_000194,2025-01-07,3.74
emp_000194,2024-10-09,3.51
emp_000194,2024-07-11,4.2
emp_000195,2026-04-02,3.71
emp_000195,2026-01-02,3.78
emp_000195,2025-10-04,3.72
emp_000195,2025-07-06,4.08
emp_000195,2025-04-07,3.87
emp_000195,2025-01-07,4.46
emp_000195,2024-10-09,4.61
emp_000196,2026-04-02,3.32
emp_000196,2026-01-02,3.17
emp_000196,2025-10-04,3.94
emp_000196,2025-07-06,4.12
emp_000196,2025-04-07,3.91
emp_000196,2025-01-07,4.19
emp_000196,2024-10-09,3.85
emp_000196,2024-07-11,3.7
emp_000197,2026-04-02,3.5
emp_000197,2026-01-02,3.62
emp_000197,2025-10-04,3.98
emp_000197,2025-07-06,3.52
emp_000197,2025-04-07,3.59
emp_000197,2025-01-07,3.89
emp_000197,2024-10-09,3.62
emp_000197,2024-07-11,4.08
emp_000198,2026-04-02,3.91
emp_000198,2026-01-02,3.83
emp_000198,2025-10-04,4.34
emp_000198,2025-07-06,4.37
emp_000198,2025-04-07,3.93
emp_000198,2025-01-07,4.7
emp_000198,2024-10-09,4.9
emp_000198,2024-07-11,4.01
emp_000199,2026-04-02,4.13
emp_000199,2026-01-02,2.78
emp_000199,2025-10-04,3.99
emp_000199,2025-07-06,3.31
emp_000199,2025-04-07,3.95
emp_000199,2025-01-07,3.28
emp_000199,2024-10-09,3.59
emp_000199,2024-07-11,3.33
emp_000200,2026-04-02,3.57
emp_000200,2026-01-02,4.28
emp_000200,2025-10-04,3.61
emp_000200,2025-07-06,4.38
emp_000201,2026-04-02,3.41
emp_000201,2026-01-02,4.07
emp_000201,2025-10-04,2.98
emp_000201,2025-07-06,3.45
emp_000201,2025-04-07,3.36
emp_000201,2025-01-07,4.09
emp_000201,2024-10-09,3.61
emp_000201,2024-07-11,2.82
emp_000202,2026-04-02,3.42
emp_000202,2026-01-02,3.52
emp_000202,2025-10-04,4.2
emp_000202,2025-07-06,4.16
emp_000202,2025-04-07,3.77
emp_000202,2025-01-07,3.68
emp_000202,2024-10-09,4.12
emp_000202,2024-07-11,3.48
emp_000203,2026-04-02,3.99
emp_000203,2026-01-02,3.96
emp_000203,2025-10-04,3.74
emp_000203,2025-07-06,3.97
emp_000203,2025-04-07,3.87
emp_000203,2025-01-07,4.01
emp_000203,2024-10-09,3.37
emp_000203,2024-07-11,4.05
emp_000204,2026-04-02,4.08
emp_000204,2026-01-02,3.83
emp_000204,2025-10-04,3.93
emp_000204,2025-07-06,3.68
emp_000204,2025-04-07,4.03
emp_000204,2025-01-07,3.74
emp_000204,2024-10-09,3.32
emp_000204,2024-07-11,4.01
emp_000205,2026-04-02,3.34
emp_000205,2026-01-02,4.01
emp_000205,2025-10-04,3.78
emp_000205,2025-07-06,3.75
emp_000205,2025-04-07,3.97
emp_000206,2026-04-02,3.82
emp_000206,2026-01-02,4.25
emp_000206,2025-10-04,4.09
emp_000206,2025-07-06,3.85
emp_000206,2025-04-07,4.54
emp_000206,2025-01-07,4.14
emp_000206,2024-10-09,4.29
emp_000206,2024-07-11,4.57
emp_000207,2026-04-02,4.13
emp_000207,2026-01-02,3.84
emp_000207,2025-10-04,3.54
emp_000207,2025-07-06,3.14
emp_000207,2025-04-07,3.71
emp_000208,2026-04-02,4.23
emp_000208,2026-01-02,3.97
emp_000208,2025-10-04,2.64
emp_000209,2026-04-02,4.29
emp_000209,2026-01-02,4.31
emp_000209,2025-10-04,3.88
emp_000209,2025-07-06,4.33
emp_000209,2025-04-07,4.21
emp_000209,2025-01-07,3.75
emp_000209,2024-10-09,4.43
emp_000209,2024-07-11,3.54
emp_000210,2026-04-02,4.01
emp_000210,2026-01-02,3.97
emp_000210,2025-10-04,3.74
emp_000210,2025-07-06,4.13
emp_000210,2025-04-07,4.49
emp_000210,2025-01-07,4.46
emp_000210,2024-10-09,4.28
emp_000210,2024-07-11,3.43
emp_000211,2026-04-02,3.9
emp_000211,2026-01-02,4.42
emp_000211,2025-10-04,4.35
emp_000211,2025-07-06,4.19
emp_000212,2026-04-02,4.91
emp_000212,2026-01-02,4.28
emp_000212,2025-10-04,4.44
emp_000212,2025-07-06,4.59
emp_000212,2025-04-07,4.27
emp_000212,2025-01-07,5.0
emp_000212,2024-10-09,3.92
emp_000212,2024-07-11,4.04
emp_000213,2026-04-02,3.6
emp_000213,2026-01-02,4.47
emp_000213,2025-10-04,4.21
emp_000213,2025-07-06,3.74
emp_000213,2025-04-07,3.62
emp_000213,2025-01-07,4.41
emp_000213,2024-10-09,4.05
emp_000213,2024-07-11,4.42
emp_000214,2026-04-02,3.36
emp_000214,2026-01-02,3.56
emp_000214,2025-10-04,3.48
emp_000214,2025-07-06,3.16
emp_000214,2025-04-07,3.33
emp_000214,2025-01-07,2.96
emp_000214,2024-10-09,3.55
emp_000214,2024-07-11,3.64
emp_000215,2026-04-02,4.42
emp_000215,2026-01-02,4.31
emp_000215,2025-10-04,4.03
emp_000215,2025-07-06,4.62
emp_000215,2025-04-07,4.39
emp_000215,2025-01-07,4.56
emp_000215,2024-10-09,4.58
emp_000215,2024-07-11,4.03
emp_000216,2026-04-02,4.19
emp_000216,2026-01-02,4.32
emp_000216,2025-10-04,3.65
emp_000216,2025-07-06,3.66
emp_000217,2026-04-02,3.03
emp_000217,2026-01-02,3.44
emp_000217,2025-10-04,3.36
emp_000217,2025-07-06,2.98
emp_000218,2026-04-02,4.18
emp_000218,2026-01-02,4.1
emp_000218,2025-10-04,4.54
emp_000218,2025-07-06,4.83
emp_000218,2025-04-07,4.29
emp_000219,2026-04-02,3.4
emp_000219,2026-01-02,3.87
emp_000219,2025-10-04,3.65
emp_000219,2025-07-06,3.56
emp_000219,2025-04-07,3.35
emp_000219,2025-01-07,3.49
emp_000219,2024-10-09,3.59
emp_000220,2026-04-02,4.7
emp_000220,2026-01-02,4.59
emp_000220,2025-10-04,5.0
emp_000220,2025-07-06,4.65
emp_000220,2025-04-07,4.56
emp_000220,2025-01-07,4.31
emp_000220,2024-10-09,4.05
emp_000220,2024-07-11,4.21
emp_000221,2026-04-02,3.35
emp_000221,2026-01-02,2.7
emp_000221,2025-10-04,3.24
emp_000221,2025-07-06,4.16
emp_000221,2025-04-07,3.73
emp_000221,2025-01-07,3.46
emp_000221,2024-10-09,3.74
emp_000221,2024-07-11,2.91
emp_000222,2026-04-02,4.33
emp_000222,2026-01-02,4.67
emp_000222,2025-10-04,4.19
emp_000222,2025-07-06,3.61
emp_000222,2025-04-07,4.08
emp_000222,2025-01-07,4.68
emp_000222,2024-10-09,4.32
emp_000222,2024-07-11,3.73
emp_000223,2026-04-02,4.56
emp_000223,2026-01-02,3.29
emp_000223,2025-10-04,3.64
emp_000223,2025-07-06,3.37
emp_000223,2025-04-07,3.37
emp_000223,2025-01-07,3.57
emp_000223,2024-10-09,3.95
emp_000224,2026-04-02,4.27
emp_000224,2026-01-02,3.69
emp_000225,2026-04-02,3.31
emp_000225,2026-01-02,3.83
emp_000225,2025-10-04,3.84
emp_000225,2025-07-06,3.74
emp_000225,2025-04-07,3.76
emp_000226,2026-04-02,3.42
emp_000226,2026-01-02,3.49
emp_000226,2025-10-04,3.39
emp_000227,2026-04-02,3.93
emp_000227,2026-01-02,4.33
emp_000227,2025-10-04,3.61
emp_000227,2025-07-06,3.55
emp_000227,2025-04-07,3.64
emp_000227,2025-01-07,3.32
emp_000227,2024-10-09,3.82
emp_000227,2024-07-11,3.71
emp_000228,2026-04-02,3.66
emp_000228,2026-01-02,4.12
emp_000228,2025-10-04,3.81
emp_000228,2025-07-06,3.46
emp_000228,2025-04-07,3.93
emp_000228,2025-01-07,3.89
emp_000228,2024-10-09,4.14
emp_000228,2024-07-11,4.1
emp_000229,2026-04-02,3.94
emp_000229,2026-01-02,3.81
emp_000229,2025-10-04,3.98
emp_000229,2025-07-06,4.11
emp_000229,2025-04-07,4.15
emp_000229,2025-01-07,4.09
emp_000229,2024-10-09,3.95
emp_000229,2024-07-11,4.33
emp_000230,2026-04-02,3.88
emp_000230,2026-01-02,4.98
emp_000230,2025-10-04,4.38
emp_000230,2025-07-06,3.72
emp_000230,2025-04-07,4.18
emp_000230,2025-01-07,4.38
emp_000230,2024-10-09,3.99
emp_000230,2024-07-11,3.59
emp_000231,2026-04-02,3.33
emp_000231,2026-01-02,3.89
emp_000231,2025-10-04,3.08
emp_000231,2025-07-06,3.19
emp_000231,2025-04-07,3.89
emp_000231,2025-01-07,3.62
emp_000231,2024-10-09,3.45
emp_000231,2024-07-11,3.52
emp_000232,2026-04-02,3.55
emp_000232,2026-01-02,4.23
emp_000232,2025-10-04,3.78
emp_000232,2025-07-06,3.88
emp_000232,2025-04-07,4.19
emp_000232,2025-01-07,3.97
emp_000232,2024-10-09,3.82
emp_000232,2024-07-11,3.37
emp_000234,2026-04-02,4.12
emp_000234,2026-01-02,4.02
emp_000234,2025-10-04,3.81
emp_000234,2025-07-06,3.63
emp_000234,2025-04-07,4.0
emp_000234,2025-01-07,4.16
emp_000234,2024-10-09,4.03
emp_000234,2024-07-11,4.57
emp_000235,2026-04-02,4.16
emp_000235,2026-01-02,3.88
emp_000235,2025-10-04,4.17
emp_000235,2025-07-06,3.93
emp_000235,2025-04-07,3.93
emp_000235,2025-01-07,4.37
emp_000235,2024-10-09,3.6
emp_000235,2024-07-11,3.92
emp_000236,2026-04-02,4.4
emp_000236,2026-01-02,4.09
emp_000236,2025-10-04,3.86
emp_000236,2025-07-06,3.39
emp_000236,2025-04-07,3.19
emp_000236,2025-01-07,4.71
emp_000236,2024-10-09,4.09
emp_000236,2024-07-11,3.78
emp_000237,2026-04-02,3.55
emp_000237,2026-01-02,3.09
emp_000237,2025-10-04,3.31
emp_000237,2025-07-06,3.1
emp_000237,2025-04-07,2.93
emp_000237,2025-01-07,2.69
emp_000238,2026-04-02,3.03
emp_000238,2026-01-02,3.95
emp_000238,2025-10-04,3.25
emp_000238,2025-07-06,3.78
emp_000238,2025-04-07,3.93
emp_000238,2025-01-07,3.6
emp_000238,2024-10-09,3.49
emp_000239,2026-04-02,3.78
emp_000239,2026-01-02,3.59
emp_000239,2025-10-04,4.15
emp_000239,2025-07-06,4.39
emp_000239,2025-04-07,4.24
emp_000239,2025-01-07,2.98
emp_000239,2024-10-09,3.58
emp_000239,2024-07-11,3.73
emp_000240,2026-04-02,3.6
emp_000240,2026-01-02,2.84
emp_000240,2025-10-04,2.83
emp_000240,2025-07-06,3.9
emp_000240,2025-04-07,3.25
emp_000240,2025-01-07,2.92
emp_000240,2024-10-09,3.05
emp_000240,2024-07-11,3.58
emp_000241,2026-04-02,3.74
emp_000241,2026-01-02,4.12
emp_000241,2025-10-04,3.69
emp_000241,2025-07-06,3.42
emp_000241,2025-04-07,4.53
emp_000241,2025-01-07,4.17
emp_000241,2024-10-09,3.91
emp_000241,2024-07-11,3.85
emp_000242,2026-04-02,4.43
emp_000242,2026-01-02,4.13
emp_000242,2025-10-04,4.32
emp_000242,2025-07-06,3.72
emp_000242,2025-04-07,3.94
emp_000242,2025-01-07,4.06
emp_000242,2024-10-09,3.73
emp_000242,2024-07-11,3.89
emp_000243,2026-04-02,4.13
emp_000243,2026-01-02,4.48
emp_000243,2025-10-04,3.87
emp_000243,2025-07-06,4.54
emp_000243,2025-04-07,4.45
emp_000243,2025-01-07,4.27
emp_000243,2024-10-09,4.49
emp_000243,2024-07-11,4.21
emp_000244,2026-04-02,3.26
emp_000244,2026-01-02,3.68
emp_000244,2025-10-04,3.7
emp_000244,2025-07-06,3.31
emp_000244,2025-04-07,3.28
emp_000244,2025-01-07,3.43
emp_000244,2024-10-09,3.3
emp_000245,2026-04-02,4.31
emp_000245,2026-01-02,3.89
emp_000245,2025-10-04,3.79
emp_000245,2025-07-06,3.45
emp_000245,2025-04-07,4.04
emp_000245,2025-01-07,3.57
emp_000245,2024-10-09,3.55
emp_000246,2026-04-02,3.93
emp_000246,2026-01-02,3.8
emp_000246,2025-10-04,2.78
emp_000246,2025-07-06,3.61
emp_000246,2025-04-07,3.7
emp_000246,2025-01-07,3.54
emp_000246,2024-10-09,3.72
emp_000246,2024-07-11,3.03
emp_000247,2026-04-02,3.12
emp_000247,2026-01-02,3.77
emp_000247,2025-10-04,4.21
emp_000247,2025-07-06,2.98
emp_000247,2025-04-07,3.82
emp_000247,2025-01-07,3.44
emp_000247,2024-10-09,4.03
emp_000247,2024-07-11,4.8
emp_000248,2026-04-02,4.23
emp_000248,2026-01-02,4.27
emp_000248,2025-10-04,4.6
emp_000248,2025-07-06,4.32
emp_000248,2025-04-07,4.23
emp_000248,2025-01-07,4.63
emp_000248,2024-10-09,4.48
emp_000248,2024-07-11,4.41
emp_000249,2026-04-02,3.63
emp_000249,2026-01-02,3.56
emp_000249,2025-10-04,4.0
emp_000249,2025-07-06,3.56
emp_000249,2025-04-07,4.11
emp_000249,2025-01-07,3.31
emp_000249,2024-10-09,4.18
emp_000249,2024-07-11,3.84
emp_000250,2026-04-02,2.98
emp_000250,2026-01-02,3.49
emp_000250,2025-10-04,3.09
emp_000250,2025-07-06,3.33
emp_000250,2025-04-07,3.14
emp_000250,2025-01-07,3.27
emp_000250,2024-10-09,3.64
emp_000250,2024-07-11,3.5
emp_000251,2026-04-02,3.39
emp_000251,2026-01-02,3.41
emp_000251,2025-10-04,3.88
emp_000251,2025-07-06,3.9
emp_000251,2025-04-07,3.55
emp_000251,2025-01-07,4.34
emp_000251,2024-10-09,4.07
emp_000251,2024-07-11,3.57
emp_000252,2026-04-02,2.88
emp_000252,2026-01-02,3.05
emp_000252,2025-10-04,3.02
emp_000252,2025-07-06,3.57
emp_000252,2025-04-07,3.48
emp_000252,2025-01-07,3.15
emp_000252,2024-10-09,3.37
emp_000252,2024-07-11,3.42
emp_000253,2026-04-02,4.01
emp_000253,2026-01-02,4.13
emp_000254,2026-04-02,4.28
emp_000254,2026-01-02,4.24
emp_000254,2025-10-04,3.8
emp_000254,2025-07-06,3.83
emp_000254,2025-04-07,3.97
emp_000254,2025-01-07,3.82
emp_000254,2024-10-09,3.56
emp_000254,2024-07-11,4.31
emp_000255,2026-04-02,3.86
emp_000255,2026-01-02,3.27
emp_000255,2025-10-04,3.65
emp_000255,2025-07-06,3.67
emp_000255,2025-04-07,3.8
emp_000255,2025-01-07,3.36
emp_000255,2024-10-09,3.26
emp_000255,2024-07-11,3.92
emp_000256,2026-04-02,3.25
emp_000256,2026-01-02,3.71
emp_000256,2025-10-04,3.68
emp_000256,2025-07-06,3.75
emp_000256,2025-04-07,3.88
emp_000257,2026-04-02,4.54
emp_000258,2026-04-02,3.61
emp_000259,2026-04-02,4.6
emp_000259,2026-01-02,3.42
emp_000259,2025-10-04,4.78
emp_000259,2025-07-06,3.58
emp_000259,2025-04-07,5.0
emp_000259,2025-01-07,4.16
emp_000259,2024-10-09,4.75
emp_000260,2026-04-02,3.73
emp_000260,2026-01-02,3.2
emp_000260,2025-10-04,3.23
emp_000260,2025-07-06,3.06
emp_000260,2025-04-07,3.63
emp_000261,2026-04-02,3.46
emp_000261,2026-01-02,3.32
emp_000261,2025-10-04,3.8
emp_000261,2025-07-06,3.29
emp_000261,2025-04-07,3.49
emp_000261,2025-01-07,3.65
emp_000261,2024-10-09,3.38
emp_000261,2024-07-11,3.44
emp_000262,2026-04-02,4.16
emp_000262,2026-01-02,3.55
emp_000262,2025-10-04,3.49
emp_000262,2025-07-06,3.56
emp_000262,2025-04-07,3.78
emp_000262,2025-01-07,3.26
emp_000262,2024-10-09,3.77
emp_000262,2024-07-11,3.71
emp_000263,2026-04-02,3.5
emp_000263,2026-01-02,4.75
emp_000263,2025-10-04,4.64
emp_000263,2025-07-06,3.84
emp_000263,2025-04-07,3.73
emp_000263,2025-01-07,4.2
emp_000263,2024-10-09,3.63
emp_000263,2024-07-11,4.6
emp_000264,2026-04-02,3.92
emp_000264,2026-01-02,4.65
emp_000264,2025-10-04,3.8
emp_000264,2025-07-06,4.05
emp_000264,2025-04-07,4.53
emp_000264,2025-01-07,3.97
emp_000265,2026-04-02,3.95
emp_000265,2026-01-02,4.23
emp_000265,2025-10-04,3.66
emp_000265,2025-07-06,3.41
emp_000265,2025-04-07,3.34
emp_000265,2025-01-07,4.06
emp_000265,2024-10-09,3.99
emp_000265,2024-07-11,4.22
emp_000266,2026-04-02,3.92
emp_000266,2026-01-02,3.51
emp_000266,2025-10-04,3.19
emp_000266,2025-07-06,5.0
emp_000266,2025-04-07,4.2
emp_000266,2025-01-07,4.06
emp_000266,2024-10-09,4.11
emp_000266,2024-07-11,3.51
emp_000267,2026-04-02,4.14
emp_000267,2026-01-02,5.0
emp_000267,2025-10-04,4.65
emp_000267,2025-07-06,4.15
emp_000267,2025-04-07,3.99
emp_000267,2025-01-07,4.24
emp_000267,2024-10-09,4.31
emp_000267,2024-07-11,5.0
emp_000268,2026-04-02,3.36
emp_000268,2026-01-02,3.0
emp_000268,2025-10-04,3.4
emp_000268,2025-07-06,3.51
emp_000268,2025-04-07,2.97
emp_000268,2025-01-07,3.56
emp_000268,2024-10-09,3.84
emp_000268,2024-07-11,3.47
emp_000269,2026-04-02,3.31
emp_000269,2026-01-02,3.4
emp_000270,2026-04-02,2.89
emp_000270,2026-01-02,3.42
emp_000271,2026-04-02,3.68
emp_000271,2026-01-02,3.26
emp_000271,2025-10-04,4.25
emp_000271,2025-07-06,3.85
emp_000271,2025-04-07,2.94
emp_000271,2025-01-07,2.95
emp_000271,2024-10-09,3.23
emp_000271,2024-07-11,4.12
emp_000272,2026-04-02,3.97
emp_000272,2026-01-02,4.23
emp_000272,2025-10-04,3.66
emp_000272,2025-07-06,3.59
emp_000272,2025-04-07,3.22
emp_000272,2025-01-07,3.78
emp_000272,2024-10-09,3.59
emp_000272,2024-07-11,3.58
emp_000273,2026-04-02,4.32
emp_000273,2026-01-02,3.71
emp_000273,2025-10-04,4.22
emp_000273,2025-07-06,3.19
emp_000273,2025-04-07,4.69
emp_000273,2025-01-07,3.62
emp_000273,2024-10-09,4.0
emp_000273,2024-07-11,4.05
emp_000274,2026-04-02,3.42
emp_000274,2026-01-02,3.88
emp_000274,2025-10-04,3.9
emp_000274,2025-07-06,3.34
emp_000274,2025-04-07,3.35
emp_000275,2026-04-02,4.1
emp_000275,2026-01-02,4.05
emp_000275,2025-10-04,4.57
emp_000275,2025-07-06,4.33
emp_000275,2025-04-07,4.06
emp_000275,2025-01-07,4.3
emp_000275,2024-10-09,3.37
emp_000275,2024-07-11,3.87
emp_000276,2026-04-02,4.07
emp_000276,2026-01-02,4.36
emp_000276,2025-10-04,4.04
emp_000276,2025-07-06,4.48
emp_000276,2025-04-07,4.27
emp_000276,2025-01-07,3.8
emp_000276,2024-10-09,3.92
emp_000276,2024-07-11,4.11
emp_000277,2026-04-02,3.27
emp_000277,2026-01-02,3.96
emp_000277,2025-10-04,3.04
emp_000278,2026-04-02,3.68
emp_000278,2026-01-02,3.82
emp_000278,2025-10-04,3.46
emp_000278,2025-07-06,3.38
emp_000278,2025-04-07,3.54
emp_000278,2025-01-07,3.85
emp_000278,2024-10-09,3.39
emp_000279,2026-04-02,3.12
emp_000279,2026-01-02,3.9
emp_000279,2025-10-04,3.63
emp_000279,2025-07-06,3.85
emp_000279,2025-04-07,3.76
emp_000280,2026-04-02,5.0
emp_000280,2026-01-02,4.85
emp_000280,2025-10-04,4.21
emp_000280,2025-07-06,4.62
emp_000280,2025-04-07,4.27
emp_000280,2025-01-07,4.3
emp_000280,2024-10-09,3.97
emp_000280,2024-07-11,4.36
emp_000281,2026-04-02,4.03
emp_000281,2026-01-02,3.81
emp_000281,2025-10-04,3.45
emp_000281,2025-07-06,3.3
emp_000281,2025-04-07,4.58
emp_000281,2025-01-07,3.95
emp_000281,2024-10-09,3.55
emp_000281,2024-07-11,4.0
emp_000282,2026-04-02,4.65
emp_000282,2026-01-02,4.1
emp_000282,2025-10-04,2.91
emp_000282,2025-07-06,4.81
emp_000282,2025-04-07,3.24
emp_000282,2025-01-07,3.81
emp_000282,2024-10-09,3.49
emp_000282,2024-07-11,3.63
emp_000283,2026-04-02,3.21
emp_000283,2026-01-02,2.39
emp_000283,2025-10-04,3.08
emp_000283,2025-07-06,3.52
emp_000283,2025-04-07,2.82
emp_000283,2025-01-07,2.63
emp_000283,2024-10-09,3.07
emp_000283,2024-07-11,3.0
emp_000284,2026-04-02,3.48
emp_000284,2026-01-02,3.27
emp_000284,2025-10-04,3.87
emp_000284,2025-07-06,3.89
emp_000284,2025-04-07,3.31
emp_000284,2025-01-07,3.36
emp_000284,2024-10-09,3.73
emp_000284,2024-07-11,3.35
emp_000285,2026-04-02,4.32
emp_000285,2026-01-02,4.77
emp_000285,2025-10-04,4.24
emp_000286,2026-04-02,3.16
emp_000286,2026-01-02,3.72
emp_000286,2025-10-04,3.53
emp_000286,2025-07-06,3.53
emp_000286,2025-04-07,3.75
emp_000286,2025-01-07,3.83
emp_000286,2024-10-09,3.6
emp_000286,2024-07-11,3.57
emp_000287,2026-04-02,4.85
emp_000287,2026-01-02,4.55
emp_000287,2025-10-04,4.42
emp_000287,2025-07-06,4.17
emp_000287,2025-04-07,3.78
emp_000287,2025-01-07,4.52
emp_000287,2024-10-09,4.18
emp_000287,2024-07-11,3.93
emp_000288,2026-04-02,3.66
emp_000288,2026-01-02,3.41
emp_000288,2025-10-04,4.12
emp_000289,2026-04-02,4.13
emp_000289,2026-01-02,3.96
emp_000289,2025-10-04,3.88
emp_000290,2026-04-02,3.85
emp_000290,2026-01-02,3.34
emp_000290,2025-10-04,3.59
emp_000290,2025-07-06,3.83
emp_000291,2026-04-02,3.48
emp_000291,2026-01-02,3.9
emp_000291,2025-10-04,4.08
emp_000291,2025-07-06,3.75
emp_000291,2025-04-07,4.29
emp_000291,2025-01-07,3.52
emp_000292,2026-04-02,3.66
emp_000292,2026-01-02,3.69
emp_000293,2026-04-02,4.52
emp_000293,2026-01-02,4.17
emp_000293,2025-10-04,4.18
emp_000293,2025-07-06,3.56
emp_000293,2025-04-07,3.82
emp_000293,2025-01-07,4.52
emp_000293,2024-10-09,3.41
emp_000293,2024-07-11,4.61
emp_000294,2026-04-02,4.45
emp_000294,2026-01-02,4.01
emp_000294,2025-10-04,3.98
emp_000294,2025-07-06,4.94
emp_000294,2025-04-07,4.77
emp_000294,2025-01-07,4.23
emp_000295,2026-04-02,4.24
emp_000295,2026-01-02,3.97
emp_000295,2025-10-04,4.24
emp_000295,2025-07-06,3.96
emp_000295,2025-04-07,4.17
emp_000295,2025-01-07,4.83
emp_000295,2024-10-09,4.16
emp_000295,2024-07-11,3.83
emp_000296,2026-04-02,3.18
emp_000296,2026-01-02,3.71
emp_000296,2025-10-04,3.4
emp_000296,2025-07-06,3.75
emp_000296,2025-04-07,3.1
emp_000296,2025-01-07,3.9
emp_000296,2024-10-09,3.29
emp_000296,2024-07-11,3.68
emp_000297,2026-04-02,3.81
emp_000297,2026-01-02,4.53
emp_000297,2025-10-04,3.99
emp_000297,2025-07-06,4.61
emp_000297,2025-04-07,4.13
emp_000297,2025-01-07,4.43
emp_000297,2024-10-09,3.86
emp_000297,2024-07-11,4.05
emp_000298,2026-04-02,4.06
emp_000298,2026-01-02,3.95
emp_000298,2025-10-04,3.82
emp_000298,2025-07-06,3.52
emp_000298,2025-04-07,3.58
emp_000298,2025-01-07,4.03
emp_000298,2024-10-09,4.1
emp_000298,2024-07-11,3.43
emp_000299,2026-04-02,3.96
emp_000299,2026-01-02,3.9
emp_000299,2025-10-04,4.51
emp_000299,2025-07-06,3.89
emp_000299,2025-04-07,4.51
emp_000299,2025-01-07,4.41
emp_000299,2024-10-09,4.03
emp_000299,2024-07-11,4.77
emp_000300,2026-04-02,3.3
emp_000300,2026-01-02,4.39
emp_000300,2025-10-04,3.92
emp_000300,2025-07-06,3.08
emp_000300,2025-04-07,4.36
emp_000300,2025-01-07,4.15
emp_000300,2024-10-09,3.66
emp_000300,2024-07-11,3.47
emp_000301,2026-04-02,3.47
emp_000301,2026-01-02,4.87
emp_000301,2025-10-04,3.7
emp_000301,2025-07-06,3.58
emp_000301,2025-04-07,4.12
emp_000302,2026-04-02,3.1
emp_000302,2026-01-02,3.33
emp_000302,2025-10-04,4.02
emp_000302,2025-07-06,3.84
emp_000302,2025-04-07,3.54
emp_000302,2025-01-07,3.68
emp_000302,2024-10-09,3.52
emp_000302,2024-07-11,3.65
emp_000303,2026-04-02,3.45
emp_000303,2026-01-02,3.51
emp_000303,2025-10-04,3.5
emp_000303,2025-07-06,3.46
emp_000303,2025-04-07,4.08
emp_000304,2026-04-02,3.59
emp_000304,2026-01-02,3.0
emp_000304,2025-10-04,2.91
emp_000304,2025-07-06,3.27
emp_000304,2025-04-07,4.08
emp_000304,2025-01-07,2.97
emp_000304,2024-10-09,3.27
emp_000304,2024-07-11,3.36
emp_000305,2026-04-02,4.03
emp_000305,2026-01-02,3.91
emp_000305,2025-10-04,4.47
emp_000305,2025-07-06,4.23
emp_000305,2025-04-07,4.37
emp_000305,2025-01-07,4.28
emp_000305,2024-10-09,4.38
emp_000305,2024-07-11,4.62
emp_000306,2026-04-02,3.78
emp_000306,2026-01-02,4.13
emp_000306,2025-10-04,3.74
emp_000306,2025-07-06,3.08
emp_000306,2025-04-07,3.61
emp_000306,2025-01-07,3.57
emp_000306,2024-10-09,3.99
emp_000306,2024-07-11,2.98
emp_000307,2026-04-02,4.2
emp_000307,2026-01-02,3.77
emp_000307,2025-10-04,4.19
emp_000307,2025-07-06,3.93
emp_000307,2025-04-07,4.17
emp_000307,2025-01-07,3.51
emp_000307,2024-10-09,4.28
emp_000307,2024-07-11,4.08
emp_000308,2026-04-02,4.21
emp_000308,2026-01-02,4.84
emp_000308,2025-10-04,4.03
emp_000308,2025-07-06,4.28
emp_000308,2025-04-07,4.19
emp_000308,2025-01-07,4.23
emp_000308,2024-10-09,4.94
emp_000308,2024-07-11,4.18
emp_000309,2026-04-02,3.87
emp_000309,2026-01-02,4.72
emp_000309,2025-10-04,3.96
emp_000309,2025-07-06,3.5
emp_000309,2025-04-07,3.81
emp_000309,2025-01-07,3.63
emp_000309,2024-10-09,3.44
emp_000309,2024-07-11,3.94
emp_000310,2026-04-02,4.24
emp_000310,2026-01-02,4.68
emp_000310,2025-10-04,4.48
emp_000311,2026-04-02,4.45
emp_000311,2026-01-02,3.93
emp_000311,2025-10-04,4.56
emp_000311,2025-07-06,4.73
emp_000311,2025-04-07,4.39
emp_000311,2025-01-07,4.4
emp_000311,2024-10-09,3.8
emp_000311,2024-07-11,4.62
emp_000312,2026-04-02,3.95
emp_000312,2026-01-02,3.44
emp_000312,2025-10-04,3.12
emp_000312,2025-07-06,3.27
emp_000312,2025-04-07,3.18
emp_000312,2025-01-07,3.2
emp_000312,2024-10-09,3.55
emp_000312,2024-07-11,3.42
emp_000313,2026-04-02,4.26
emp_000314,2026-04-02,4.34
emp_000314,2026-01-02,3.9
emp_000314,2025-10-04,4.03
emp_000314,2025-07-06,4.01
emp_000314,2025-04-07,4.14
emp_000314,2025-01-07,4.83
emp_000314,2024-10-09,4.89
emp_000314,2024-07-11,4.5
emp_000315,2026-04-02,3.84
emp_000315,2026-01-02,3.33
emp_000315,2025-10-04,3.88
emp_000315,2025-07-06,3.53
emp_000315,2025-04-07,4.37
emp_000315,2025-01-07,3.24
emp_000315,2024-10-09,3.94
emp_000315,2024-07-11,3.5
emp_000316,2026-04-02,3.7
emp_000316,2026-01-02,3.94
emp_000317,2026-04-02,4.26
emp_000317,2026-01-02,3.88
emp_000317,2025-10-04,4.17
emp_000317,2025-07-06,3.67
emp_000317,2025-04-07,3.99
emp_000317,2025-01-07,4.25
emp_000317,2024-10-09,4.02
emp_000318,2026-04-02,3.62
emp_000318,2026-01-02,3.71
emp_000318,2025-10-04,4.16
emp_000318,2025-07-06,3.42
emp_000319,2026-04-02,3.38
emp_000319,2026-01-02,3.93
emp_000319,2025-10-04,3.56
emp_000320,2026-04-02,2.76
emp_000320,2026-01-02,3.74
emp_000320,2025-10-04,2.88
emp_000320,2025-07-06,3.2
emp_000320,2025-04-07,3.05
emp_000320,2025-01-07,3.16
emp_000320,2024-10-09,2.96
emp_000320,2024-07-11,3.52
emp_000321,2026-04-02,4.38
emp_000321,2026-01-02,4.68
emp_000321,2025-10-04,4.12
emp_000321,2025-07-06,5.0
emp_000321,2025-04-07,3.67
emp_000321,2025-01-07,3.78
emp_000321,2024-10-09,4.95
emp_000321,2024-07-11,4.5
emp_000322,2026-04-02,3.97
emp_000322,2026-01-02,4.0
emp_000322,2025-10-04,4.05
emp_000322,2025-07-06,3.95
emp_000322,2025-04-07,3.51
emp_000322,2025-01-07,4.14
emp_000323,2026-04-02,4.15
emp_000323,2026-01-02,4.41
emp_000323,2025-10-04,4.53
emp_000323,2025-07-06,4.03
emp_000323,2025-04-07,3.48
emp_000323,2025-01-07,4.53
emp_000323,2024-10-09,3.56
emp_000323,2024-07-11,4.03
emp_000324,2026-04-02,3.49
emp_000324,2026-01-02,3.42
emp_000324,2025-10-04,3.84
emp_000324,2025-07-06,3.66
emp_000324,2025-04-07,3.75
emp_000324,2025-01-07,3.29
emp_000324,2024-10-09,3.51
emp_000325,2026-04-02,3.69
emp_000325,2026-01-02,3.89
emp_000325,2025-10-04,3.92
emp_000325,2025-07-06,4.61
emp_000325,2025-04-07,3.87
emp_000325,2025-01-07,3.22
emp_000325,2024-10-09,4.45
emp_000325,2024-07-11,4.12
emp_000326,2026-04-02,3.83
emp_000326,2026-01-02,3.73
emp_000326,2025-10-04,3.55
emp_000326,2025-07-06,4.56
emp_000326,2025-04-07,3.9
emp_000326,2025-01-07,3.27
emp_000326,2024-10-09,4.0
emp_000326,2024-07-11,4.3
emp_000327,2026-04-02,2.89
emp_000327,2026-01-02,2.52
emp_000327,2025-10-04,2.49
emp_000327,2025-07-06,2.52
emp_000327,2025-04-07,3.37
emp_000327,2025-01-07,2.81
emp_000327,2024-10-09,2.25
emp_000327,2024-07-11,2.97
emp_000328,2026-04-02,3.86
emp_000328,2026-01-02,3.65
emp_000328,2025-10-04,3.45
emp_000328,2025-07-06,3.43
emp_000328,2025-04-07,4.19
emp_000328,2025-01-07,3.89
emp_000328,2024-10-09,3.97
emp_000328,2024-07-11,3.89
emp_000329,2026-04-02,4.17
emp_000329,2026-01-02,3.9
emp_000329,2025-10-04,3.99
emp_000329,2025-07-06,4.47
emp_000329,2025-04-07,4.55
emp_000329,2025-01-07,3.63
emp_000329,2024-10-09,3.99
emp_000329,2024-07-11,4.35
emp_000330,2026-04-02,4.82
emp_000330,2026-01-02,4.78
emp_000330,2025-10-04,3.88
emp_000330,2025-07-06,4.6
emp_000330,2025-04-07,4.18
emp_000330,2025-01-07,4.52
emp_000330,2024-10-09,4.43
emp_000330,2024-07-11,3.72
emp_000331,2026-04-02,4.33
emp_000331,2026-01-02,4.49
emp_000331,2025-10-04,4.14
emp_000332,2026-04-02,3.47
emp_000332,2026-01-02,3.01
emp_000332,2025-10-04,3.8
emp_000332,2025-07-06,3.63
emp_000332,2025-04-07,3.24
emp_000333,2026-04-02,3.65
emp_000333,2026-01-02,3.82
emp_000333,2025-10-04,3.57
emp_000333,2025-07-06,3.77
emp_000333,2025-04-07,3.15
emp_000333,2025-01-07,4.24
emp_000333,2024-10-09,3.77
emp_000333,2024-07-11,3.38
emp_000334,2026-04-02,2.77
emp_000334,2026-01-02,3.99
emp_000334,2025-10-04,3.83
emp_000334,2025-07-06,3.7
emp_000334,2025-04-07,3.93
emp_000334,2025-01-07,3.93
emp_000335,2026-04-02,3.8
emp_000335,2026-01-02,3.64
emp_000335,2025-10-04,3.58
emp_000335,2025-07-06,3.88
emp_000335,2025-04-07,4.22
emp_000335,2025-01-07,3.69
emp_000335,2024-10-09,4.25
emp_000335,2024-07-11,3.86
emp_000336,2026-04-02,4.05
emp_000336,2026-01-02,4.76
emp_000336,2025-10-04,4.5
emp_000336,2025-07-06,4.51
emp_000336,2025-04-07,3.64
emp_000336,2025-01-07,4.69
emp_000336,2024-10-09,3.89
emp_000336,2024-07-11,3.84
emp_000337,2026-04-02,3.39
emp_000337,2026-01-02,4.26
emp_000337,2025-10-04,3.76
emp_000337,2025-07-06,4.29
emp_000337,2025-04-07,3.74
emp_000337,2025-01-07,4.77
emp_000337,2024-10-09,4.34
emp_000337,2024-07-11,4.94
emp_000338,2026-04-02,3.74
emp_000338,2026-01-02,4.64
emp_000338,2025-10-04,3.47
emp_000338,2025-07-06,4.17
emp_000338,2025-04-07,3.88
emp_000338,2025-01-07,3.94
emp_000338,2024-10-09,3.92
emp_000338,2024-07-11,3.78
emp_000339,2026-04-02,3.75
emp_000339,2026-01-02,4.04
emp_000339,2025-10-04,4.23
emp_000339,2025-07-06,4.6
emp_000339,2025-04-07,4.29
emp_000339,2025-01-07,4.6
emp_000339,2024-10-09,3.67
emp_000339,2024-07-11,4.04
emp_000340,2026-04-02,4.32
emp_000340,2026-01-02,4.19
emp_000340,2025-10-04,3.77
emp_000340,2025-07-06,4.4
emp_000340,2025-04-07,3.89
emp_000341,2026-04-02,3.59
emp_000341,2026-01-02,4.03
emp_000341,2025-10-04,3.86
emp_000341,2025-07-06,3.68
emp_000341,2025-04-07,3.67
emp_000341,2025-01-07,3.49
emp_000341,2024-10-09,3.72
emp_000341,2024-07-11,4.25
emp_000342,2026-04-02,4.08
emp_000342,2026-01-02,4.33
emp_000342,2025-10-04,4.18
emp_000343,2026-04-02,3.49
emp_000343,2026-01-02,3.13
emp_000343,2025-10-04,3.38
emp_000344,2026-04-02,4.07
emp_000344,2026-01-02,4.05
emp_000344,2025-10-04,4.65
emp_000344,2025-07-06,4.65
emp_000345,2026-04-02,4.68
emp_000345,2026-01-02,3.64
emp_000345,2025-10-04,4.47
emp_000345,2025-07-06,4.46
emp_000345,2025-04-07,3.83
emp_000345,2025-01-07,4.07
emp_000346,2026-04-02,4.54
emp_000346,2026-01-02,4.09
emp_000346,2025-10-04,4.06
emp_000346,2025-07-06,3.89
emp_000346,2025-04-07,3.28
emp_000346,2025-01-07,4.13
emp_000346,2024-10-09,3.86
emp_000346,2024-07-11,3.73
emp_000347,2026-04-02,4.34
emp_000347,2026-01-02,3.69
emp_000347,2025-10-04,4.48
emp_000347,2025-07-06,4.36
emp_000347,2025-04-07,4.05
emp_000347,2025-01-07,4.17
emp_000347,2024-10-09,3.78
emp_000347,2024-07-11,4.46
emp_000348,2026-04-02,4.18
emp_000348,2026-01-02,4.21
emp_000348,2025-10-04,4.29
emp_000348,2025-07-06,3.89
emp_000348,2025-04-07,3.58
emp_000349,2026-04-02,3.85
emp_000349,2026-01-02,3.76
emp_000349,2025-10-04,3.33
emp_000349,2025-07-06,3.66
emp_000349,2025-04-07,3.95
emp_000349,2025-01-07,3.91
emp_000349,2024-10-09,3.32
emp_000349,2024-07-11,2.99
emp_000350,2026-04-02,3.31
emp_000350,2026-01-02,3.66
emp_000350,2025-10-04,4.28
emp_000350,2025-07-06,3.51
emp_000350,2025-04-07,3.56
emp_000351,2026-04-02,3.64
emp_000351,2026-01-02,3.67
emp_000351,2025-10-04,3.85
emp_000351,2025-07-06,3.41
emp_000351,2025-04-07,4.24
emp_000351,2025-01-07,3.81
emp_000351,2024-10-09,4.73
emp_000351,2024-07-11,3.45
emp_000352,2026-04-02,3.96
emp_000352,2026-01-02,3.89
emp_000352,2025-10-04,3.26
emp_000352,2025-07-06,3.26
emp_000352,2025-04-07,3.08
emp_000352,2025-01-07,3.08
emp_000352,2024-10-09,3.4
emp_000352,2024-07-11,3.41
emp_000353,2026-04-02,3.13
emp_000353,2026-01-02,4.49
emp_000353,2025-10-04,3.6
emp_000353,2025-07-06,3.71
emp_000353,2025-04-07,3.47
emp_000353,2025-01-07,3.6
emp_000353,2024-10-09,3.57
emp_000354,2026-04-02,4.06
emp_000354,2026-01-02,4.05
emp_000354,2025-10-04,4.34
emp_000354,2025-07-06,4.14
emp_000354,2025-04-07,4.3
emp_000354,2025-01-07,4.05
emp_000354,2024-10-09,4.14
emp_000354,2024-07-11,3.97
emp_000355,2026-04-02,4.35
emp_000355,2026-01-02,4.11
emp_000355,2025-10-04,3.94
emp_000355,2025-07-06,3.93
emp_000355,2025-04-07,3.96
emp_000355,2025-01-07,4.01
emp_000355,2024-10-09,3.98
emp_000355,2024-07-11,3.8
emp_000356,2026-04-02,3.61
emp_000356,2026-01-02,3.64
emp_000356,2025-10-04,3.97
emp_000356,2025-07-06,3.14
emp_000356,2025-04-07,3.58
emp_000356,2025-01-07,2.68
emp_000356,2024-10-09,3.64
emp_000357,2026-04-02,3.25
emp_000357,2026-01-02,3.42
emp_000357,2025-10-04,3.88
emp_000357,2025-07-06,3.54
emp_000357,2025-04-07,3.5
emp_000357,2025-01-07,3.59
emp_000357,2024-10-09,4.02
emp_000357,2024-07-11,3.44
emp_000358,2026-04-02,4.12
emp_000358,2026-01-02,4.0
emp_000358,2025-10-04,4.42
emp_000358,2025-07-06,4.43
emp_000358,2025-04-07,3.49
emp_000359,2026-04-02,3.81
emp_000359,2026-01-02,3.23
emp_000359,2025-10-04,3.53
emp_000359,2025-07-06,3.12
emp_000359,2025-04-07,3.58
emp_000359,2025-01-07,4.34
emp_000360,2026-04-02,3.85
emp_000360,2026-01-02,3.65
emp_000360,2025-10-04,3.72
emp_000360,2025-07-06,3.29
emp_000360,2025-04-07,4.31
emp_000360,2025-01-07,3.92
emp_000360,2024-10-09,3.44
emp_000360,2024-07-11,3.45
emp_000361,2026-04-02,4.08
emp_000361,2026-01-02,4.4
emp_000361,2025-10-04,3.67
emp_000361,2025-07-06,4.47
emp_000361,2025-04-07,4.04
emp_000361,2025-01-07,3.75
emp_000361,2024-10-09,3.91
emp_000361,2024-07-11,4.69
emp_000362,2026-04-02,3.34
emp_000362,2026-01-02,3.57
emp_000362,2025-10-04,4.16
emp_000362,2025-07-06,3.9
emp_000362,2025-04-07,3.55
emp_000362,2025-01-07,4.17
emp_000362,2024-10-09,4.18
emp_000362,2024-07-11,3.94
emp_000363,2026-04-02,3.62
emp_000363,2026-01-02,3.68
emp_000363,2025-10-04,3.94
emp_000363,2025-07-06,3.38
emp_000364,2026-04-02,4.51
emp_000364,2026-01-02,4.64
emp_000364,2025-10-04,3.96
emp_000364,2025-07-06,4.17
emp_000364,2025-04-07,4.46
emp_000364,2025-01-07,4.73
emp_000364,2024-10-09,4.59
emp_000364,2024-07-11,3.44
emp_000365,2026-04-02,4.12
emp_000365,2026-01-02,4.4
emp_000365,2025-10-04,4.05
emp_000365,2025-07-06,4.85
emp_000366,2026-04-02,4.51
emp_000366,2026-01-02,3.65
emp_000366,2025-10-04,3.88
emp_000366,2025-07-06,3.68
emp_000366,2025-04-07,3.87
emp_000366,2025-01-07,3.86
emp_000366,2024-10-09,4.27
emp_000366,2024-07-11,3.63
emp_000367,2026-04-02,2.68
emp_000367,2026-01-02,3.04
emp_000368,2026-04-02,3.3
emp_000368,2026-01-02,3.43
emp_000368,2025-10-04,3.73
emp_000368,2025-07-06,3.28
emp_000368,2025-04-07,3.24
emp_000368,2025-01-07,3.34
emp_000368,2024-10-09,3.27
emp_000368,2024-07-11,3.47
emp_000369,2026-04-02,3.3
emp_000369,2026-01-02,3.75
emp_000369,2025-10-04,3.17
emp_000369,2025-07-06,3.39
emp_000369,2025-04-07,3.32
emp_000369,2025-01-07,3.8
emp_000369,2024-10-09,3.46
emp_000369,2024-07-11,3.88
emp_000370,2026-04-02,3.25
emp_000370,2026-01-02,3.64
emp_000370,2025-10-04,3.46
emp_000370,2025-07-06,3.23
emp_000370,2025-04-07,3.63
emp_000370,2025-01-07,4.26
emp_000370,2024-10-09,3.36
emp_000371,2026-04-02,4.12
emp_000371,2026-01-02,3.7
emp_000371,2025-10-04,3.65
emp_000371,2025-07-06,3.89
emp_000371,2025-04-07,4.0
emp_000371,2025-01-07,4.02
emp_000372,2026-04-02,3.96
emp_000372,2026-01-02,3.46
emp_000372,2025-10-04,3.82
emp_000372,2025-07-06,4.21
emp_000372,2025-04-07,3.56
emp_000372,2025-01-07,3.91
emp_000372,2024-10-09,4.14
emp_000372,2024-07-11,3.76
emp_000373,2026-04-02,3.66
emp_000373,2026-01-02,3.01
emp_000373,2025-10-04,3.85
emp_000373,2025-07-06,3.67
emp_000373,2025-04-07,3.56
emp_000373,2025-01-07,3.93
emp_000373,2024-10-09,3.42
emp_000373,2024-07-11,3.32
emp_000374,2026-04-02,4.59
emp_000374,2026-01-02,4.76
emp_000374,2025-10-04,3.87
emp_000374,2025-07-06,4.07
emp_000374,2025-04-07,4.48
emp_000374,2025-01-07,4.09
emp_000374,2024-10-09,4.32
emp_000374,2024-07-11,4.39
emp_000375,2026-04-02,3.88
emp_000375,2026-01-02,4.22
emp_000375,2025-10-04,4.07
emp_000375,2025-07-06,3.65
emp_000375,2025-04-07,3.73
emp_000375,2025-01-07,3.85
emp_000375,2024-10-09,4.4
emp_000375,2024-07-11,4.41
emp_000376,2026-04-02,3.85
emp_000376,2026-01-02,3.74
emp_000377,2026-04-02,3.84
emp_000377,2026-01-02,3.79
emp_000377,2025-10-04,3.84
emp_000377,2025-07-06,3.86
emp_000377,2025-04-07,3.2
emp_000377,2025-01-07,3.42
emp_000377,2024-10-09,3.34
emp_000377,2024-07-11,4.08
emp_000378,2026-04-02,4.19
emp_000378,2026-01-02,2.85
emp_000378,2025-10-04,4.16
emp_000378,2025-07-06,3.64
emp_000378,2025-04-07,3.97
emp_000378,2025-01-07,3.79
emp_000378,2024-10-09,4.12
emp_000378,2024-07-11,3.69
emp_000379,2026-04-02,3.91
emp_000379,2026-01-02,4.36
emp_000379,2025-10-04,4.57
emp_000379,2025-07-06,4.32
emp_000379,2025-04-07,4.62
emp_000380,2026-04-02,3.72
emp_000380,2026-01-02,3.53
emp_000380,2025-10-04,3.36
emp_000381,2026-04-02,3.66
emp_000381,2026-01-02,3.87
emp_000381,2025-10-04,3.11
emp_000382,2026-04-02,4.1
emp_000382,2026-01-02,3.67
emp_000382,2025-10-04,4.16
emp_000382,2025-07-06,4.79
emp_000382,2025-04-07,3.96
emp_000382,2025-01-07,4.62
emp_000382,2024-10-09,5.0
emp_000382,2024-07-11,4.88
emp_000383,2026-04-02,3.74
emp_000383,2026-01-02,3.99
emp_000383,2025-10-04,3.21
emp_000383,2025-07-06,3.14
emp_000383,2025-04-07,3.7
emp_000383,2025-01-07,3.83
emp_000384,2026-04-02,4.75
emp_000384,2026-01-02,4.17
emp_000384,2025-10-04,4.44
emp_000384,2025-07-06,4.42
emp_000385,2026-04-02,3.66
emp_000385,2026-01-02,3.68
emp_000385,2025-10-04,3.4
emp_000385,2025-07-06,3.8
emp_000385,2025-04-07,3.77
emp_000385,2025-01-07,3.55
emp_000385,2024-10-09,3.94
emp_000385,2024-07-11,4.06
emp_000386,2026-04-02,4.06
emp_000386,2026-01-02,3.46
emp_000386,2025-10-04,3.86
emp_000387,2026-04-02,3.69
emp_000387,2026-01-02,4.05
emp_000387,2025-10-04,3.7
emp_000387,2025-07-06,4.46
emp_000387,2025-04-07,4.29
emp_000387,2025-01-07,4.42
emp_000387,2024-10-09,4.38
emp_000387,2024-07-11,3.92
emp_000388,2026-04-02,4.11
emp_000389,2026-04-02,4.03
emp_000389,2026-01-02,3.36
emp_000389,2025-10-04,2.95
emp_000389,2025-07-06,3.77
emp_000389,2025-04-07,3.47
emp_000389,2025-01-07,3.95
emp_000389,2024-10-09,3.5
emp_000389,2024-07-11,3.41
emp_000390,2026-04-02,4.28
emp_000390,2026-01-02,3.21
emp_000390,2025-10-04,3.55
emp_000390,2025-07-06,3.44
emp_000390,2025-04-07,2.98
emp_000390,2025-01-07,4.06
emp_000390,2024-10-09,3.55
emp_000390,2024-07-11,4.07
emp_000391,2026-04-02,3.42
emp_000391,2026-01-02,3.5
emp_000391,2025-10-04,3.13
emp_000391,2025-07-06,3.02
emp_000391,2025-04-07,3.32
emp_000392,2026-04-02,4.06
emp_000392,2026-01-02,3.72
emp_000392,2025-10-04,3.5
emp_000392,2025-07-06,3.32
emp_000392,2025-04-07,3.81
emp_000392,2025-01-07,3.55
emp_000392,2024-10-09,3.72
emp_000392,2024-07-11,3.66
emp_000393,2026-04-02,3.56
emp_000393,2026-01-02,3.81
emp_000393,2025-10-04,3.91
emp_000393,2025-07-06,4.4
emp_000393,2025-04-07,3.98
emp_000393,2025-01-07,4.27
emp_000393,2024-10-09,3.42
emp_000393,2024-07-11,3.15
emp_000394,2026-04-02,3.92
emp_000395,2026-04-02,4.35
emp_000395,2026-01-02,4.3
emp_000395,2025-10-04,4.48
emp_000395,2025-07-06,3.17
emp_000395,2025-04-07,4.49
emp_000395,2025-01-07,4.17
emp_000395,2024-10-09,3.51
emp_000395,2024-07-11,4.31
emp_000396,2026-04-02,3.86
emp_000396,2026-01-02,3.93
emp_000396,2025-10-04,4.15
emp_000396,2025-07-06,3.95
emp_000396,2025-04-07,3.28
emp_000396,2025-01-07,3.75
emp_000396,2024-10-09,3.23
emp_000396,2024-07-11,4.03
emp_000397,2026-04-02,4.62
emp_000397,2026-01-02,3.7
emp_000397,2025-10-04,3.9
emp_000397,2025-07-06,3.83
emp_000397,2025-04-07,3.98
emp_000397,2025-01-07,4.28
emp_000397,2024-10-09,3.98
emp_000398,2026-04-02,3.94
emp_000398,2026-01-02,4.08
emp_000398,2025-10-04,4.1
emp_000398,2025-07-06,3.32
emp_000399,2026-04-02,3.66
emp_000399,2026-01-02,3.69
emp_000399,2025-10-04,3.72
emp_000400,2026-04-02,3.58
emp_000400,2026-01-02,3.37
emp_000400,2025-10-04,3.29
emp_000400,2025-07-06,3.24
emp_000400,2025-04-07,3.63
emp_000400,2025-01-07,3.93
emp_000400,2024-10-09,4.09
emp_000400,2024-07-11,3.46
emp_000401,2026-04-02,3.77
emp_000402,2026-04-02,3.58
emp_000402,2026-01-02,3.39
emp_000402,2025-10-04,3.87
emp_000402,2025-07-06,3.74
emp_000402,2025-04-07,3.67
emp_000402,2025-01-07,3.74
emp_000402,2024-10-09,3.83
emp_000402,2024-07-11,3.83
emp_000403,2026-04-02,3.49
emp_000403,2026-01-02,4.1
emp_000403,2025-10-04,3.87
emp_000403,2025-07-06,3.63
emp_000403,2025-04-07,3.86
emp_000404,2026-04-02,3.78
emp_000404,2026-01-02,4.04
emp_000404,2025-10-04,3.3
emp_000404,2025-07-06,4.13
emp_000404,2025-04-07,3.67
emp_000404,2025-01-07,3.49
emp_000404,2024-10-09,3.48
emp_000404,2024-07-11,3.31
emp_000405,2026-04-02,3.59
emp_000405,2026-01-02,4.44
emp_000405,2025-10-04,4.9
emp_000405,2025-07-06,3.64
emp_000405,2025-04-07,3.87
emp_000405,2025-01-07,4.47
emp_000405,2024-10-09,4.19
emp_000405,2024-07-11,4.49
emp_000406,2026-04-02,3.78
emp_000406,2026-01-02,3.61
emp_000406,2025-10-04,3.73
emp_000406,2025-07-06,2.98
emp_000406,2025-04-07,3.41
emp_000406,2025-01-07,4.14
emp_000406,2024-10-09,4.23
emp_000406,2024-07-11,4.3
emp_000407,2026-04-02,4.1
emp_000407,2026-01-02,3.16
emp_000407,2025-10-04,3.72
emp_000407,2025-07-06,4.41
emp_000407,2025-04-07,4.52
emp_000408,2026-04-02,4.6
emp_000408,2026-01-02,4.04
emp_000408,2025-10-04,3.67
emp_000408,2025-07-06,4.11
emp_000408,2025-04-07,4.13
emp_000408,2025-01-07,4.68
emp_000408,2024-10-09,4.21
emp_000408,2024-07-11,4.13
emp_000409,2026-04-02,3.42
emp_000409,2026-01-02,3.54
emp_000409,2025-10-04,3.62
emp_000409,2025-07-06,3.14
emp_000409,2025-04-07,3.03
emp_000410,2026-04-02,4.3
emp_000410,2026-01-02,3.25
emp_000410,2025-10-04,4.39
emp_000410,2025-07-06,3.15
emp_000410,2025-04-07,3.62
emp_000410,2025-01-07,4.16
emp_000410,2024-10-09,3.82
emp_000410,2024-07-11,3.36
emp_000411,2026-04-02,4.0
emp_000412,2026-04-02,3.81
emp_000412,2026-01-02,3.71
emp_000412,2025-10-04,3.57
emp_000412,2025-07-06,3.78
emp_000412,2025-04-07,3.58
emp_000412,2025-01-07,4.64
emp_000412,2024-10-09,3.7
emp_000413,2026-04-02,3.92
emp_000413,2026-01-02,3.86
emp_000414,2026-04-02,3.94
emp_000414,2026-01-02,2.74
emp_000414,2025-10-04,3.44
emp_000414,2025-07-06,3.23
emp_000414,2025-04-07,2.82
emp_000414,2025-01-07,3.03
emp_000414,2024-10-09,3.43
emp_000415,2026-04-02,3.3
emp_000415,2026-01-02,3.69
emp_000415,2025-10-04,4.21
emp_000415,2025-07-06,3.66
emp_000415,2025-04-07,3.09
emp_000415,2025-01-07,3.3
emp_000415,2024-10-09,3.5
emp_000415,2024-07-11,3.48
emp_000416,2026-04-02,4.02
emp_000416,2026-01-02,4.07
emp_000416,2025-10-04,4.57
emp_000416,2025-07-06,3.96
emp_000416,2025-04-07,3.56
emp_000416,2025-01-07,4.37
emp_000416,2024-10-09,4.41
emp_000416,2024-07-11,4.05
emp_000417,2026-04-02,3.39
emp_000417,2026-01-02,3.7
emp_000417,2025-10-04,3.4
emp_000417,2025-07-06,2.76
emp_000417,2025-04-07,3.67
emp_000417,2025-01-07,3.79
emp_000417,2024-10-09,3.98
emp_000417,2024-07-11,3.22
emp_000418,2026-04-02,4.23
emp_000418,2026-01-02,4.24
emp_000418,2025-10-04,4.18
emp_000418,2025-07-06,4.19
emp_000418,2025-04-07,4.16
emp_000418,2025-01-07,4.23
emp_000419,2026-04-02,4.44
emp_000419,2026-01-02,4.61
emp_000420,2026-04-02,3.49
emp_000420,2026-01-02,3.69
emp_000420,2025-10-04,3.61
emp_000420,2025-07-06,3.56
emp_000420,2025-04-07,3.19
emp_000421,2026-04-02,3.91
emp_000421,2026-01-02,4.06
emp_000421,2025-10-04,3.84
emp_000421,2025-07-06,3.89
emp_000421,2025-04-07,4.04
emp_000421,2025-01-07,4.39
emp_000421,2024-10-09,3.75
emp_000421,2024-07-11,3.49
emp_000422,2026-04-02,3.71
emp_000422,2026-01-02,4.4
emp_000422,2025-10-04,3.33
emp_000422,2025-07-06,3.97
emp_000422,2025-04-07,4.14
emp_000422,2025-01-07,2.91
emp_000422,2024-10-09,3.88
emp_000422,2024-07-11,3.95
emp_000423,2026-04-02,3.66
emp_000423,2026-01-02,3.53
emp_000423,2025-10-04,3.55
emp_000423,2025-07-06,3.64
emp_000423,2025-04-07,3.65
emp_000423,2025-01-07,3.59
emp_000423,2024-10-09,3.64
emp_000423,2024-07-11,4.17
emp_000424,2026-04-02,2.98
emp_000424,2026-01-02,2.79
emp_000424,2025-10-04,3.83
emp_000424,2025-07-06,3.34
emp_000424,2025-04-07,3.27
emp_000424,2025-01-07,3.37
emp_000425,2026-04-02,4.02
emp_000425,2026-01-02,3.76
emp_000425,2025-10-04,4.12
emp_000425,2025-07-06,3.61
emp_000425,2025-04-07,3.84
emp_000425,2025-01-07,3.17
emp_000425,2024-10-09,4.35
emp_000425,2024-07-11,3.88
emp_000426,2026-04-02,4.55
emp_000426,2026-01-02,4.48
emp_000426,2025-10-04,4.51
emp_000426,2025-07-06,4.31
emp_000426,2025-04-07,4.45
emp_000426,2025-01-07,3.98
emp_000426,2024-10-09,3.9
emp_000426,2024-07-11,4.28
emp_000427,2026-04-02,3.6
emp_000427,2026-01-02,4.33
emp_000427,2025-10-04,3.96
emp_000427,2025-07-06,3.58
emp_000427,2025-04-07,3.74
emp_000427,2025-01-07,3.88
emp_000427,2024-10-09,3.81
emp_000427,2024-07-11,3.93
emp_000428,2026-04-02,3.92
emp_000428,2026-01-02,3.41
emp_000428,2025-10-04,3.14
emp_000428,2025-07-06,3.77
emp_000429,2026-04-02,4.12
emp_000429,2026-01-02,3.8
emp_000429,2025-10-04,4.36
emp_000429,2025-07-06,3.91
emp_000429,2025-04-07,4.4
emp_000429,2025-01-07,4.33
emp_000429,2024-10-09,4.29
emp_000429,2024-07-11,3.5
emp_000430,2026-04-02,4.03
emp_000430,2026-01-02,4.45
emp_000430,2025-10-04,4.12
emp_000430,2025-07-06,4.21
emp_000430,2025-04-07,3.53
emp_000430,2025-01-07,4.69
emp_000431,2026-04-02,3.85
emp_000431,2026-01-02,3.43
emp_000431,2025-10-04,4.01
emp_000431,2025-07-06,3.27
emp_000431,2025-04-07,3.75
emp_000431,2025-01-07,5.0
emp_000431,2024-10-09,4.0
emp_000431,2024-07-11,3.63
emp_000432,2026-04-02,3.79
emp_000433,2026-04-02,3.46
emp_000433,2026-01-02,4.08
emp_000433,2025-10-04,3.46
emp_000434,2026-04-02,4.18
emp_000434,2026-01-02,3.68
emp_000434,2025-10-04,4.99
emp_000434,2025-07-06,4.26
emp_000434,2025-04-07,4.03
emp_000434,2025-01-07,3.98
emp_000434,2024-10-09,3.89
emp_000434,2024-07-11,3.81
emp_000435,2026-04-02,3.23
emp_000435,2026-01-02,4.09
emp_000435,2025-10-04,3.31
emp_000435,2025-07-06,2.76
emp_000435,2025-04-07,3.1
emp_000435,2025-01-07,3.83
emp_000435,2024-10-09,3.42
emp_000435,2024-07-11,3.46
emp_000436,2026-04-02,4.17
emp_000436,2026-01-02,3.49
emp_000436,2025-10-04,3.98
emp_000437,2026-04-02,3.34
emp_000437,2026-01-02,3.78
emp_000437,2025-10-04,3.44
emp_000437,2025-07-06,3.49
emp_000437,2025-04-07,3.86
emp_000437,2025-01-07,3.84
emp_000437,2024-10-09,3.52
emp_000437,2024-07-11,3.41
emp_000438,2026-04-02,4.76
emp_000438,2026-01-02,4.41
emp_000438,2025-10-04,4.06
emp_000438,2025-07-06,3.97
emp_000438,2025-04-07,4.56
emp_000438,2025-01-07,4.24
emp_000438,2024-10-09,4.14
emp_000438,2024-07-11,4.24
emp_000439,2026-04-02,3.98
emp_000439,2026-01-02,3.84
emp_000439,2025-10-04,4.28
emp_000439,2025-07-06,4.3
emp_000439,2025-04-07,4.05
emp_000439,2025-01-07,4.34
emp_000439,2024-10-09,3.86
emp_000439,2024-07-11,4.1
emp_000440,2026-04-02,4.15
emp_000440,2026-01-02,4.15
emp_000440,2025-10-04,4.11
emp_000440,2025-07-06,4.01
emp_000440,2025-04-07,4.48
emp_000440,2025-01-07,3.61
emp_000440,2024-10-09,3.74
emp_000440,2024-07-11,3.72
emp_000441,2026-04-02,3.65
emp_000441,2026-01-02,3.08
emp_000441,2025-10-04,4.26
emp_000441,2025-07-06,3.42
emp_000441,2025-04-07,3.83
emp_000441,2025-01-07,3.28
emp_000441,2024-10-09,3.99
emp_000443,2026-04-02,3.11
emp_000443,2026-01-02,2.99
emp_000443,2025-10-04,3.45
emp_000443,2025-07-06,3.14
emp_000443,2025-04-07,3.19
emp_000443,2025-01-07,3.45
emp_000443,2024-10-09,3.67
emp_000443,2024-07-11,3.1
emp_000445,2026-04-02,3.56
emp_000445,2026-01-02,3.91
emp_000445,2025-10-04,4.09
emp_000445,2025-07-06,4.42
emp_000446,2026-04-02,3.01
emp_000446,2026-01-02,3.27
emp_000446,2025-10-04,3.8
emp_000446,2025-07-06,4.08
emp_000446,2025-04-07,3.04
emp_000446,2025-01-07,3.13
emp_000446,2024-10-09,3.52
emp_000446,2024-07-11,3.18
emp_000447,2026-04-02,3.89
emp_000448,2026-04-02,3.57
emp_000448,2026-01-02,4.03
emp_000448,2025-10-04,3.02
emp_000448,2025-07-06,4.01
emp_000448,2025-04-07,3.28
emp_000448,2025-01-07,3.6
emp_000448,2024-10-09,4.04
emp_000448,2024-07-11,3.6
emp_000449,2026-04-02,3.76
emp_000449,2026-01-02,4.11
emp_000449,2025-10-04,3.8
emp_000449,2025-07-06,4.05
emp_000449,2025-04-07,3.79
emp_000449,2025-01-07,4.17
emp_000449,2024-10-09,3.38
emp_000449,2024-07-11,3.51
emp_000450,2026-04-02,3.47
emp_000450,2026-01-02,3.94
emp_000450,2025-10-04,3.43
emp_000450,2025-07-06,3.72
emp_000450,2025-04-07,3.57
emp_000450,2025-01-07,4.48
emp_000450,2024-10-09,3.62
emp_000450,2024-07-11,3.51
emp_000451,2026-04-02,4.04
emp_000451,2026-01-02,4.55
emp_000451,2025-10-04,3.92
emp_000451,2025-07-06,3.94
emp_000451,2025-04-07,4.41
emp_000451,2025-01-07,4.27
emp_000451,2024-10-09,4.11
emp_000451,2024-07-11,3.75
emp_000452,2026-04-02,3.7
emp_000452,2026-01-02,3.06
emp_000452,2025-10-04,3.32
emp_000452,2025-07-06,4.04
emp_000453,2026-04-02,4.44
emp_000453,2026-01-02,4.14
emp_000453,2025-10-04,3.31
emp_000453,2025-07-06,3.57
emp_000453,2025-04-07,3.75
emp_000453,2025-01-07,3.93
emp_000454,2026-04-02,3.69
emp_000454,2026-01-02,4.05
emp_000454,2025-10-04,4.75
emp_000454,2025-07-06,4.27
emp_000454,2025-04-07,4.21
emp_000455,2026-04-02,3.25
emp_000455,2026-01-02,3.03
emp_000455,2025-10-04,3.18
emp_000455,2025-07-06,3.02
emp_000456,2026-04-02,3.48
emp_000456,2026-01-02,3.59
emp_000456,2025-10-04,3.11
emp_000456,2025-07-06,3.5
emp_000456,2025-04-07,3.97
emp_000456,2025-01-07,4.14
emp_000456,2024-10-09,3.72
emp_000456,2024-07-11,3.39
emp_000457,2026-04-02,4.01
emp_000457,2026-01-02,4.23
emp_000457,2025-10-04,3.05
emp_000457,2025-07-06,4.27
emp_000457,2025-04-07,3.56
emp_000457,2025-01-07,3.57
emp_000457,2024-10-09,3.63
emp_000457,2024-07-11,3.86
emp_000458,2026-04-02,3.43
emp_000458,2026-01-02,3.72
emp_000458,2025-10-04,4.0
emp_000458,2025-07-06,3.9
emp_000458,2025-04-07,3.95
emp_000458,2025-01-07,3.71
emp_000458,2024-10-09,4.06
emp_000459,2026-04-02,4.27
emp_000459,2026-01-02,4.25
emp_000460,2026-04-02,3.65
emp_000460,2026-01-02,3.83
emp_000460,2025-10-04,3.81
emp_000460,2025-07-06,4.44
emp_000460,2025-04-07,3.93
emp_000460,2025-01-07,3.47
emp_000460,2024-10-09,3.18
emp_000461,2026-04-02,3.74
emp_000461,2026-01-02,3.71
emp_000461,2025-10-04,4.01
emp_000461,2025-07-06,3.58
emp_000461,2025-04-07,4.24
emp_000461,2025-01-07,3.34
emp_000461,2024-10-09,3.26
emp_000461,2024-07-11,3.78
emp_000462,2026-04-02,3.48
emp_000462,2026-01-02,3.33
emp_000463,2026-04-02,3.65
emp_000463,2026-01-02,3.61
emp_000463,2025-10-04,3.88
emp_000463,2025-07-06,3.66
emp_000463,2025-04-07,3.68
emp_000463,2025-01-07,3.87
emp_000463,2024-10-09,4.23
emp_000464,2026-04-02,4.44
emp_000464,2026-01-02,3.97
emp_000464,2025-10-04,4.0
emp_000464,2025-07-06,3.86
emp_000464,2025-04-07,4.09
emp_000464,2025-01-07,4.06
emp_000464,2024-10-09,4.39
emp_000464,2024-07-11,3.26
emp_000465,2026-04-02,3.92
emp_000465,2026-01-02,4.12
emp_000465,2025-10-04,3.99
emp_000465,2025-07-06,3.67
emp_000466,2026-04-02,3.8
emp_000466,2026-01-02,4.54
emp_000466,2025-10-04,3.99
emp_000466,2025-07-06,3.64
emp_000466,2025-04-07,4.55
emp_000466,2025-01-07,4.41
emp_000466,2024-10-09,4.21
emp_000466,2024-07-11,3.93
emp_000467,2026-04-02,3.93
emp_000467,2026-01-02,4.39
emp_000467,2025-10-04,3.4
emp_000467,2025-07-06,3.42
emp_000467,2025-04-07,3.75
emp_000467,2025-01-07,3.96
emp_000467,2024-10-09,3.79
emp_000467,2024-07-11,4.19
emp_000468,2026-04-02,4.51
emp_000468,2026-01-02,4.22
emp_000468,2025-10-04,4.32
emp_000468,2025-07-06,4.22
emp_000468,2025-04-07,4.13
emp_000468,2025-01-07,3.67
emp_000468,2024-10-09,3.77
emp_000468,2024-07-11,3.65
emp_000469,2026-04-02,4.22
emp_000469,2026-01-02,4.36
emp_000469,2025-10-04,3.77
emp_000469,2025-07-06,4.3
emp_000469,2025-04-07,3.97
emp_000469,2025-01-07,3.9
emp_000469,2024-10-09,4.06
emp_000469,2024-07-11,3.88
emp_000470,2026-04-02,4.29
emp_000470,2026-01-02,4.02
emp_000470,2025-10-04,4.36
emp_000470,2025-07-06,3.92
emp_000470,2025-04-07,3.93
emp_000470,2025-01-07,4.73
emp_000470,2024-10-09,3.51
emp_000470,2024-07-11,4.53
emp_000471,2026-04-02,4.36
emp_000471,2026-01-02,4.05
emp_000471,2025-10-04,3.66
emp_000471,2025-07-06,4.28
emp_000471,2025-04-07,3.66
emp_000471,2025-01-07,3.53
emp_000471,2024-10-09,3.64
emp_000471,2024-07-11,3.58
emp_000472,2026-04-02,3.31
emp_000472,2026-01-02,4.03
emp_000472,2025-10-04,3.37
emp_000472,2025-07-06,3.63
emp_000472,2025-04-07,3.14
emp_000472,2025-01-07,3.65
emp_000473,2026-04-02,3.31
emp_000473,2026-01-02,3.3
emp_000473,2025-10-04,3.68
emp_000473,2025-07-06,4.08
emp_000473,2025-04-07,3.87
emp_000473,2025-01-07,3.89
emp_000473,2024-10-09,3.67
emp_000473,2024-07-11,3.6
emp_000474,2026-04-02,4.67
emp_000474,2026-01-02,4.19
emp_000474,2025-10-04,4.68
emp_000474,2025-07-06,4.82
emp_000474,2025-04-07,4.09
emp_000474,2025-01-07,4.15
emp_000474,2024-10-09,4.2
emp_000475,2026-04-02,3.06
emp_000475,2026-01-02,3.41
emp_000475,2025-10-04,4.03
emp_000475,2025-07-06,3.21
emp_000475,2025-04-07,4.04
emp_000475,2025-01-07,3.43
emp_000475,2024-10-09,4.32
emp_000475,2024-07-11,3.34
emp_000476,2026-04-02,4.04
emp_000476,2026-01-02,3.77
emp_000476,2025-10-04,3.85
emp_000476,2025-07-06,4.55
emp_000476,2025-04-07,4.25
emp_000476,2025-01-07,4.45
emp_000476,2024-10-09,3.63
emp_000476,2024-07-11,4.32
emp_000478,2026-04-02,3.8
emp_000478,2026-01-02,3.67
emp_000479,2026-04-02,3.49
emp_000479,2026-01-02,3.49
emp_000479,2025-10-04,3.43
emp_000479,2025-07-06,3.66
emp_000479,2025-04-07,3.72
emp_000479,2025-01-07,3.92
emp_000479,2024-10-09,2.99
emp_000480,2026-04-02,4.29
emp_000480,2026-01-02,4.42
emp_000480,2025-10-04,3.63
emp_000480,2025-07-06,3.18
emp_000480,2025-04-07,3.28
emp_000480,2025-01-07,3.6
emp_000480,2024-10-09,4.47
emp_000480,2024-07-11,3.77
emp_000481,2026-04-02,3.83
emp_000481,2026-01-02,3.81
emp_000481,2025-10-04,3.58
emp_000481,2025-07-06,4.35
emp_000481,2025-04-07,4.01
emp_000482,2026-04-02,4.36
emp_000482,2026-01-02,3.85
emp_000482,2025-10-04,3.92
emp_000482,2025-07-06,3.54
emp_000483,2026-04-02,3.45
emp_000483,2026-01-02,3.53
emp_000483,2025-10-04,3.36
emp_000483,2025-07-06,4.15
emp_000483,2025-04-07,3.7
emp_000483,2025-01-07,4.17
emp_000483,2024-10-09,3.88
emp_000483,2024-07-11,3.73
emp_000484,2026-04-02,2.99
emp_000484,2026-01-02,3.51
emp_000484,2025-10-04,3.33
emp_000484,2025-07-06,3.72
emp_000484,2025-04-07,3.15
emp_000484,2025-01-07,3.62
emp_000484,2024-10-09,3.98
emp_000484,2024-07-11,3.5
emp_000485,2026-04-02,4.59
emp_000485,2026-01-02,4.51
emp_000485,2025-10-04,4.98
emp_000485,2025-07-06,4.44
emp_000485,2025-04-07,4.56
emp_000485,2025-01-07,4.3
emp_000485,2024-10-09,4.04
emp_000485,2024-07-11,3.89
emp_000486,2026-04-02,4.43
emp_000486,2026-01-02,3.63
emp_000486,2025-10-04,4.25
emp_000486,2025-07-06,4.13
emp_000486,2025-04-07,4.31
emp_000486,2025-01-07,3.81
emp_000486,2024-10-09,3.71
emp_000486,2024-07-11,4.12
emp_000487,2026-04-02,3.55
emp_000487,2026-01-02,3.22
emp_000487,2025-10-04,4.33
emp_000488,2026-04-02,3.89
emp_000488,2026-01-02,3.82
emp_000488,2025-10-04,4.08
emp_000488,2025-07-06,4.61
emp_000488,2025-04-07,3.41
emp_000489,2026-04-02,4.12
emp_000489,2026-01-02,3.39
emp_000489,2025-10-04,3.8
emp_000489,2025-07-06,3.47
emp_000489,2025-04-07,4.41
emp_000489,2025-01-07,3.76
emp_000490,2026-04-02,3.25
emp_000490,2026-01-02,3.4
emp_000490,2025-10-04,3.53
emp_000490,2025-07-06,3.56
emp_000490,2025-04-07,3.66
emp_000490,2025-01-07,3.5
emp_000490,2024-10-09,3.02
emp_000490,2024-07-11,3.38
emp_000491,2026-04-02,4.14
emp_000491,2026-01-02,3.69
emp_000491,2025-10-04,4.16
emp_000491,2025-07-06,3.94
emp_000491,2025-04-07,3.85
emp_000491,2025-01-07,4.34
emp_000491,2024-10-09,3.32
emp_000491,2024-07-11,3.69
emp_000492,2026-04-02,4.38
emp_000492,2026-01-02,4.59
emp_000492,2025-10-04,4.75
emp_000492,2025-07-06,3.97
emp_000492,2025-04-07,4.11
emp_000492,2025-01-07,4.24
emp_000492,2024-10-09,4.4
emp_000492,2024-07-11,4.06
emp_000493,2026-04-02,4.38
emp_000493,2026-01-02,4.22
emp_000493,2025-10-04,4.24
emp_000493,2025-07-06,3.74
emp_000493,2025-04-07,3.94
emp_000493,2025-01-07,3.88
emp_000493,2024-10-09,3.64
emp_000493,2024-07-11,3.48
emp_000494,2026-04-02,3.77
emp_000494,2026-01-02,3.83
emp_000494,2025-10-04,3.96
emp_000494,2025-07-06,4.12
emp_000494,2025-04-07,3.99
emp_000494,2025-01-07,3.83
emp_000494,2024-10-09,3.6
emp_000494,2024-07-11,4.23
emp_000495,2026-04-02,4.18
emp_000495,2026-01-02,4.06
emp_000495,2025-10-04,4.15
emp_000495,2025-07-06,3.95
emp_000495,2025-04-07,4.03
emp_000495,2025-01-07,4.01
emp_000495,2024-10-09,4.11
emp_000496,2026-04-02,4.03
emp_000496,2026-01-02,3.95
emp_000496,2025-10-04,4.35
emp_000496,2025-07-06,4.23
emp_000496,2025-04-07,4.49
emp_000496,2025-01-07,4.0
emp_000497,2026-04-02,4.18
emp_000497,2026-01-02,3.82
emp_000497,2025-10-04,4.28
emp_000497,2025-07-06,3.76
emp_000497,2025-04-07,3.48
emp_000497,2025-01-07,4.53
emp_000497,2024-10-09,3.55
emp_000497,2024-07-11,4.14
emp_000498,2026-04-02,3.92
emp_000498,2026-01-02,4.62
emp_000498,2025-10-04,4.67
emp_000499,2026-04-02,4.18
emp_000499,2026-01-02,4.43
emp_000499,2025-10-04,3.99
emp_000499,2025-07-06,4.77
emp_000499,2025-04-07,4.25
emp_000499,2025-01-07,3.68
emp_000499,2024-10-09,4.02
emp_000499,2024-07-11,3.94
